﻿<?xml version="1.0" encoding="UTF-8"?>
<prefab>
  <property name="CopyAirBlocks" value="True" />
  <property name="DifficultyTier" value="0" />
  <property name="ExcludeDistantPOIMesh" value="False" />
  <property name="ExcludePOICulling" value="False" />
  <property name="DistantPOIYOffset" value="0" />
  <property name="AllowTopSoilDecorations" value="False" />
  <property name="ShowQuestClearCount" value="1" />
  <property name="TraderArea" value="False" />
  <property name="YOffset" value="-1" />
  <property name="RotationToFaceNorth" value="2" />
  <property name="Zoning" value="none" />
  <property name="POIMarkerSize" value="25, 0, 50#25, 0, 50#25, 0, 25#25, 0, 25#25, 0, 25#25, 0, 25#25, 0, 25#42, 0, 42#25, 0, 25#25, 0, 25" />
  <property name="POIMarkerStart" value="79, 1, 79#79, 1, 21#46, 1, 100#104, 1, 104#104, 1, 79#104, 1, 46#46, 1, 25#29, 1, 54#46, 1, 0#46, 1, 125" />
  <property name="POIMarkerGroup" value="1,2,4,7,8,9,10,12,13,14" />
  <property name="POIMarkerTags" value="#########" />
  <property name="POIMarkerType" value="POISpawn,POISpawn,POISpawn,POISpawn,POISpawn,POISpawn,POISpawn,POISpawn,POISpawn,POISpawn" />
  <property name="POIMarkerPartToSpawn" value=",,,,,,,,," />
  <property name="POIMarkerPartRotations" value="1,1,3,0,2,0,3,3,3,3" />
  <property name="POIMarkerPartSpawnChance" value="1,1,1,1,1,1,1,1,1,1" />
  <property name="PrefabSize" value="150, 10, 150" />
  <property name="Tags" value="streettile,rwgonly" />
  <property class="Stats">
    <property name="TotalVertices" value="525256" />
    <property name="TotalTriangles" value="479673" />
    <property class="BlockEntities">
      <property name="Vertices" value="354812" />
      <property name="Triangles" value="330861" />
    </property>
    <property class="ChunkMeshes0">
      <property name="Vertices" value="113286" />
      <property name="Triangles" value="56104" />
    </property>
    <property class="ChunkMeshes1">
      <property name="Vertices" value="0" />
      <property name="Triangles" value="0" />
    </property>
    <property class="ChunkMeshes2">
      <property name="Vertices" value="0" />
      <property name="Triangles" value="0" />
    </property>
    <property class="ChunkMeshes3">
      <property name="Vertices" value="0" />
      <property name="Triangles" value="0" />
    </property>
    <property class="ChunkMeshes4">
      <property name="Vertices" value="0" />
      <property name="Triangles" value="0" />
    </property>
    <property class="ChunkMeshes5">
      <property name="Vertices" value="32" />
      <property name="Triangles" value="16" />
    </property>
    <property class="ChunkMeshes6">
      <property name="Vertices" value="0" />
      <property name="Triangles" value="0" />
    </property>
    <property class="ChunkMeshes7">
      <property name="Vertices" value="57126" />
      <property name="Triangles" value="92692" />
    </property>
    <property class="ChunkMeshes8">
      <property name="Vertices" value="0" />
      <property name="Triangles" value="0" />
    </property>
    <property class="ChunkMeshes9">
      <property name="Vertices" value="0" />
      <property name="Triangles" value="0" />
    </property>
  </property>
  <property class="IndexedBlockOffsets">
    <property class="quest_feather">
      <property name="0" value="18, 1, 30" />
    </property>
  </property>
</prefab>