﻿<?xml version="1.0" encoding="UTF-8"?>
<prefab>
  <property name="CopyAirBlocks" value="True" />
  <property name="DifficultyTier" value="0" />
  <property name="ExcludeDistantPOIMesh" value="False" />
  <property name="ExcludePOICulling" value="False" />
  <property name="DistantPOIYOffset" value="0" />
  <property name="AllowTopSoilDecorations" value="False" />
  <property name="ShowQuestClearCount" value="1" />
  <property name="TraderArea" value="False" />
  <property name="RotationToFaceNorth" value="2" />
  <property name="YOffset" value="-1" />
  <property name="Zoning" value="none" />
  <property name="POIMarkerSize" value="42, 0, 42#25, 0, 50#25, 0, 25#25, 0, 50#25, 0, 25#25, 0, 25#25, 0, 25" />
  <property name="POIMarkerStart" value="29, 1, 96#79, 1, 88#46, 1, 58#79, 1, 33#79, 1, 3#46, 1, 3#46, 1, 33" />
  <property name="POIMarkerGroup" value="1,2,3,5,6,7,8" />
  <property name="POIMarkerTags" value="######" />
  <property name="POIMarkerType" value="POISpawn,POISpawn,POISpawn,POISpawn,POISpawn,POISpawn,POISpawn" />
  <property name="POIMarkerPartToSpawn" value=",,,,,," />
  <property name="POIMarkerPartRotations" value="3,1,3,1,1,3,3" />
  <property name="POIMarkerPartSpawnChance" value="1,1,1,1,1,1,1" />
  <property name="SleeperVolumeSize" value="10, 3, 12" />
  <property name="SleeperVolumeStart" value="85, 1, 138" />
  <property name="SleeperVolumeGroupId" value="0" />
  <property name="SleeperVolumeGroup" value="S_-Group_Generic_Zombie,1,2" />
  <property name="SleeperIsLootVolume" value="False" />
  <property name="SleeperIsQuestExclude" value="False" />
  <property name="SleeperVolumeFlags" value="0" />
  <property name="PrefabSize" value="150, 10, 150" />
  <property name="Tags" value="streettile,rwgonly" />
  <property class="Stats">
    <property name="TotalVertices" value="566564" />
    <property name="TotalTriangles" value="565109" />
    <property class="BlockEntities">
      <property name="Vertices" value="501268" />
      <property name="Triangles" value="467741" />
    </property>
    <property class="ChunkMeshes0">
      <property name="Vertices" value="8006" />
      <property name="Triangles" value="4572" />
    </property>
    <property class="ChunkMeshes1">
      <property name="Vertices" value="0" />
      <property name="Triangles" value="0" />
    </property>
    <property class="ChunkMeshes2">
      <property name="Vertices" value="0" />
      <property name="Triangles" value="0" />
    </property>
    <property class="ChunkMeshes3">
      <property name="Vertices" value="0" />
      <property name="Triangles" value="0" />
    </property>
    <property class="ChunkMeshes4">
      <property name="Vertices" value="0" />
      <property name="Triangles" value="0" />
    </property>
    <property class="ChunkMeshes5">
      <property name="Vertices" value="96" />
      <property name="Triangles" value="48" />
    </property>
    <property class="ChunkMeshes6">
      <property name="Vertices" value="0" />
      <property name="Triangles" value="0" />
    </property>
    <property class="ChunkMeshes7">
      <property name="Vertices" value="57194" />
      <property name="Triangles" value="92748" />
    </property>
    <property class="ChunkMeshes8">
      <property name="Vertices" value="0" />
      <property name="Triangles" value="0" />
    </property>
    <property class="ChunkMeshes9">
      <property name="Vertices" value="0" />
      <property name="Triangles" value="0" />
    </property>
  </property>
</prefab>