﻿<?xml version="1.0" encoding="UTF-8"?>
<prefab>
  <property name="CopyAirBlocks" value="True" />
  <property name="DifficultyTier" value="0" />
  <property name="ExcludeDistantPOIMesh" value="False" />
  <property name="ExcludePOICulling" value="False" />
  <property name="DistantPOIYOffset" value="0" />
  <property name="AllowTopSoilDecorations" value="False" />
  <property name="ShowQuestClearCount" value="1" />
  <property name="TraderArea" value="False" />
  <property name="YOffset" value="-1" />
  <property name="RotationToFaceNorth" value="2" />
  <property name="POIMarkerStart" value="46, 1, 0#46, 1, 85#63, 1, 120#79, 1, 67#79, 1, 0#46, 1, 29#79, 1, 92" />
  <property name="POIMarkerSize" value="25, 0, 25#25, 0, 25#25, 0, 25#25, 0, 25#25, 0, 50#25, 0, 50#25, 0, 25" />
  <property name="POIMarkerGroup" value="1,2,3,4,5,6,7" />
  <property name="POIMarkerTags" value="######" />
  <property name="POIMarkerType" value="POISpawn,POISpawn,POISpawn,POISpawn,POISpawn,POISpawn,POISpawn" />
  <property name="Zoning" value="none" />
  <property name="POIMarkerPartToSpawn" value=",,,,,," />
  <property name="POIMarkerPartRotations" value="3,3,2,1,1,3,1" />
  <property name="POIMarkerPartSpawnChance" value="1,1,1,1,1,1,1" />
  <property name="SleeperVolumeSize" value="5, 3, 5" />
  <property name="SleeperVolumeStart" value="88, 1, 61" />
  <property name="SleeperVolumeGroupId" value="0" />
  <property name="SleeperVolumeGroup" value="S_-Group_Generic_Zombie,0,1" />
  <property name="SleeperIsLootVolume" value="False" />
  <property name="SleeperIsQuestExclude" value="False" />
  <property name="SleeperVolumeFlags" value="0" />
  <property name="PrefabSize" value="150, 10, 150" />
  <property name="Tags" value="streettile,rwgonly" />
  <property class="Stats">
    <property name="TotalVertices" value="408253" />
    <property name="TotalTriangles" value="399636" />
    <property class="BlockEntities">
      <property name="Vertices" value="287911" />
      <property name="Triangles" value="273988" />
    </property>
    <property class="ChunkMeshes0">
      <property name="Vertices" value="62048" />
      <property name="Triangles" value="31056" />
    </property>
    <property class="ChunkMeshes1">
      <property name="Vertices" value="0" />
      <property name="Triangles" value="0" />
    </property>
    <property class="ChunkMeshes2">
      <property name="Vertices" value="0" />
      <property name="Triangles" value="0" />
    </property>
    <property class="ChunkMeshes3">
      <property name="Vertices" value="0" />
      <property name="Triangles" value="0" />
    </property>
    <property class="ChunkMeshes4">
      <property name="Vertices" value="0" />
      <property name="Triangles" value="0" />
    </property>
    <property class="ChunkMeshes5">
      <property name="Vertices" value="64" />
      <property name="Triangles" value="32" />
    </property>
    <property class="ChunkMeshes6">
      <property name="Vertices" value="0" />
      <property name="Triangles" value="0" />
    </property>
    <property class="ChunkMeshes7">
      <property name="Vertices" value="58206" />
      <property name="Triangles" value="94548" />
    </property>
    <property class="ChunkMeshes8">
      <property name="Vertices" value="0" />
      <property name="Triangles" value="0" />
    </property>
    <property class="ChunkMeshes9">
      <property name="Vertices" value="24" />
      <property name="Triangles" value="12" />
    </property>
  </property>
</prefab>