﻿<?xml version="1.0" encoding="UTF-8"?>
<prefab>
  <property name="CopyAirBlocks" value="True" />
  <property name="DifficultyTier" value="1" />
  <property name="ExcludeDistantPOIMesh" value="False" />
  <property name="ExcludePOICulling" value="False" />
  <property name="DistantPOIYOffset" value="0" />
  <property name="AllowTopSoilDecorations" value="False" />
  <property name="ShowQuestClearCount" value="1" />
  <property name="TraderArea" value="False" />
  <property name="YOffset" value="-1" />
  <property name="RotationToFaceNorth" value="2" />
  <property name="Zoning" value="none" />
  <property name="POIMarkerSize" value="25, 0, 25#25, 0, 25#25, 0, 50#25, 0, 50#25, 0, 25#25, 0, 25#25, 0, 50#25, 0, 25#25, 0, 25#25, 0, 25#25, 0, 25" />
  <property name="POIMarkerStart" value="46, 1, 0#20, 1, 83#46, 1, 83#46, 1, 25#20, 1, 50#79, 1, 0#79, 1, 25#104, 1, 50#79, 1, 83#79, 1, 108#104, 1, 83" />
  <property name="POIMarkerGroup" value="2,3,4,1,6,7,8,9,10,5,11" />
  <property name="POIMarkerTags" value="##########" />
  <property name="POIMarkerType" value="POISpawn,POISpawn,POISpawn,POISpawn,POISpawn,POISpawn,POISpawn,POISpawn,POISpawn,POISpawn,POISpawn" />
  <property name="POIMarkerPartToSpawn" value=",,,,,,,,,," />
  <property name="POIMarkerPartRotations" value="3,2,3,3,0,1,1,0,1,1,2" />
  <property name="POIMarkerPartSpawnChance" value="1,1,1,1,1,1,1,1,1,1,1" />
  <property name="PrefabSize" value="150, 16, 150" />
  <property name="Tags" value="streettile,rwgonly" />
  <property class="Stats">
    <property name="TotalVertices" value="517170" />
    <property name="TotalTriangles" value="459709" />
    <property class="BlockEntities">
      <property name="Vertices" value="313984" />
      <property name="Triangles" value="293507" />
    </property>
    <property class="ChunkMeshes0">
      <property name="Vertices" value="146068" />
      <property name="Triangles" value="73692" />
    </property>
    <property class="ChunkMeshes1">
      <property name="Vertices" value="0" />
      <property name="Triangles" value="0" />
    </property>
    <property class="ChunkMeshes2">
      <property name="Vertices" value="0" />
      <property name="Triangles" value="0" />
    </property>
    <property class="ChunkMeshes3">
      <property name="Vertices" value="0" />
      <property name="Triangles" value="0" />
    </property>
    <property class="ChunkMeshes4">
      <property name="Vertices" value="178" />
      <property name="Triangles" value="182" />
    </property>
    <property class="ChunkMeshes5">
      <property name="Vertices" value="0" />
      <property name="Triangles" value="0" />
    </property>
    <property class="ChunkMeshes6">
      <property name="Vertices" value="0" />
      <property name="Triangles" value="0" />
    </property>
    <property class="ChunkMeshes7">
      <property name="Vertices" value="56940" />
      <property name="Triangles" value="92328" />
    </property>
    <property class="ChunkMeshes8">
      <property name="Vertices" value="0" />
      <property name="Triangles" value="0" />
    </property>
    <property class="ChunkMeshes9">
      <property name="Vertices" value="0" />
      <property name="Triangles" value="0" />
    </property>
  </property>
</prefab>