﻿<?xml version="1.0" encoding="UTF-8"?>
<prefab>
  <property name="CopyAirBlocks" value="True" />
  <property name="ExcludeDistantPOIMesh" value="False" />
  <property name="ExcludePOICulling" value="False" />
  <property name="DistantPOIYOffset" value="0" />
  <property name="AllowTopSoilDecorations" value="False" />
  <property name="DifficultyTier" value="0" />
  <property name="ShowQuestClearCount" value="1" />
  <property name="TraderArea" value="False" />
  <property name="PrefabSize" value="9, 5, 9" />
  <property name="RotationToFaceNorth" value="2" />
  <property name="YOffset" value="-3" />
  <property name="SleeperVolumeSize" value="9, 3, 9" />
  <property name="SleeperVolumeStart" value="0, 3, 0" />
  <property name="SleeperVolumeGroupId" value="0" />
  <property name="SleeperVolumeGroup" value="S_-_Group_Ghost_Town,1,2" />
  <property name="SleeperIsLootVolume" value="False" />
  <property name="SleeperIsQuestExclude" value="False" />
  <property name="SleeperVolumeFlags" value="0" />
  <property name="Zoning" value="none" />
  <property class="Stats">
    <property name="TotalVertices" value="47350" />
    <property name="TotalTriangles" value="52072" />
    <property class="BlockEntities">
      <property name="Vertices" value="45307" />
      <property name="Triangles" value="50422" />
    </property>
    <property class="ChunkMeshes0">
      <property name="Vertices" value="288" />
      <property name="Triangles" value="144" />
    </property>
    <property class="ChunkMeshes1">
      <property name="Vertices" value="1088" />
      <property name="Triangles" value="544" />
    </property>
    <property class="ChunkMeshes2">
      <property name="Vertices" value="0" />
      <property name="Triangles" value="0" />
    </property>
    <property class="ChunkMeshes3">
      <property name="Vertices" value="0" />
      <property name="Triangles" value="0" />
    </property>
    <property class="ChunkMeshes4">
      <property name="Vertices" value="249" />
      <property name="Triangles" value="350" />
    </property>
    <property class="ChunkMeshes5">
      <property name="Vertices" value="0" />
      <property name="Triangles" value="0" />
    </property>
    <property class="ChunkMeshes6">
      <property name="Vertices" value="0" />
      <property name="Triangles" value="0" />
    </property>
    <property class="ChunkMeshes7">
      <property name="Vertices" value="418" />
      <property name="Triangles" value="612" />
    </property>
    <property class="ChunkMeshes8">
      <property name="Vertices" value="0" />
      <property name="Triangles" value="0" />
    </property>
    <property class="ChunkMeshes9">
      <property name="Vertices" value="0" />
      <property name="Triangles" value="0" />
    </property>
  </property>
  <property class="IndexedBlockOffsets">
    <property class="brBlock">
      <property name="0" value="3, 3, 7" />
    </property>
    <property class="POILight">
      <property name="0" value="7, 3, 5" />
    </property>
  </property>
</prefab>