﻿<?xml version="1.0" encoding="UTF-8"?>
<prefab>
  <property name="CopyAirBlocks" value="True" />
  <property name="ExcludeDistantPOIMesh" value="False" />
  <property name="ExcludePOICulling" value="False" />
  <property name="DistantPOIYOffset" value="0" />
  <property name="AllowTopSoilDecorations" value="True" />
  <property name="DifficultyTier" value="2" />
  <property name="ShowQuestClearCount" value="1" />
  <property name="QuestTags" value="clear,fetch,restore_power" />
  <property name="Tags" value="oldwest" />
  <property name="TraderArea" value="False" />
  <property name="PrefabSize" value="42, 17, 42" />
  <property name="RotationToFaceNorth" value="2" />
  <property name="Zoning" value="none" />
  <property name="YOffset" value="-5" />
  <property name="SleeperVolumeSize" value="11, 6, 30#19, 3, 24#23, 10, 32" />
  <property name="SleeperVolumeStart" value="1, 4, 10#13, 6, 7#13, 9, 2" />
  <property name="SleeperVolumeGroupId" value="0,0,0" />
  <property name="SleeperVolumeGroup" value="S_-_Group_Ghost_Town,3,4,S_-_Group_Ghost_Town,7,10,S_-_Group_Ghost_Town,8,13" />
  <property name="SleeperIsLootVolume" value="False,False,False" />
  <property name="SleeperIsQuestExclude" value="False,False,False" />
  <property name="SleeperVolumeFlags" value="0,0,0" />
  <property class="Stats">
    <property name="TotalVertices" value="517661" />
    <property name="TotalTriangles" value="523461" />
    <property class="BlockEntities">
      <property name="Vertices" value="429648" />
      <property name="Triangles" value="465138" />
    </property>
    <property class="ChunkMeshes0">
      <property name="Vertices" value="73694" />
      <property name="Triangles" value="43130" />
    </property>
    <property class="ChunkMeshes1">
      <property name="Vertices" value="0" />
      <property name="Triangles" value="0" />
    </property>
    <property class="ChunkMeshes2">
      <property name="Vertices" value="624" />
      <property name="Triangles" value="512" />
    </property>
    <property class="ChunkMeshes3">
      <property name="Vertices" value="0" />
      <property name="Triangles" value="0" />
    </property>
    <property class="ChunkMeshes4">
      <property name="Vertices" value="6901" />
      <property name="Triangles" value="5047" />
    </property>
    <property class="ChunkMeshes5">
      <property name="Vertices" value="1080" />
      <property name="Triangles" value="540" />
    </property>
    <property class="ChunkMeshes6">
      <property name="Vertices" value="0" />
      <property name="Triangles" value="0" />
    </property>
    <property class="ChunkMeshes7">
      <property name="Vertices" value="5678" />
      <property name="Triangles" value="9076" />
    </property>
    <property class="ChunkMeshes8">
      <property name="Vertices" value="0" />
      <property name="Triangles" value="0" />
    </property>
    <property class="ChunkMeshes9">
      <property name="Vertices" value="36" />
      <property name="Triangles" value="18" />
    </property>
  </property>
  <property class="IndexedBlockOffsets">
    <property class="FetchContainer">
      <property name="0" value="31, 8, 30" />
      <property name="1" value="24, 11, 32" />
    </property>
    <property class="QuestRestorePower">
      <property name="0" value="34, 6, 30" />
    </property>
    <property class="POILight">
      <property name="0" value="22, 7, 25" />
      <property name="1" value="24, 10, 26" />
      <property name="2" value="22, 10, 27" />
      <property name="3" value="24, 11, 27" />
    </property>
    <property class="TraderOnOff">
      <property name="0" value="15, 6, 29" />
    </property>
    <property class="Rally">
      <property name="0" value="24, 6, 2" />
    </property>
  </property>
</prefab>