﻿<?xml version="1.0" encoding="UTF-8"?>
<prefab>
  <property name="CopyAirBlocks" value="True" />
  <property name="ExcludeDistantPOIMesh" value="False" />
  <property name="ExcludePOICulling" value="False" />
  <property name="DistantPOIYOffset" value="0" />
  <property name="AllowTopSoilDecorations" value="False" />
  <property name="DifficultyTier" value="5" />
  <property name="ShowQuestClearCount" value="3" />
  <property name="QuestTags" value="clear,fetch" />
  <property name="Tags" value="oldwest" />
  <property name="TraderArea" value="False" />
  <property name="PrefabSize" value="42, 17, 42" />
  <property name="RotationToFaceNorth" value="2" />
  <property name="YOffset" value="-4" />
  <property name="Zoning" value="none" />
  <property name="SleeperVolumeSize" value="20, 5, 19#12, 5, 19#8, 3, 18#11, 13, 21#4, 3, 21#25, 3, 3#25, 6, 18#9, 4, 9#16, 5, 12" />
  <property name="SleeperVolumeStart" value="1, 2, 1#29, 2, 1#21, 4, 2#1, 4, 20#37, 4, 20#12, 4, 38#12, 4, 20#28, 11, 25#12, 12, 25" />
  <property name="SleeperVolumeGroupId" value="0,0,0,0,0,0,0,0,0" />
  <property name="SleeperVolumeGroup" value="S_-Group_Generic_Zombie,6,9,S_-Group_Generic_Zombie,5,7,S_-Group_Generic_Zombie,4,5,S_-Group_Generic_Zombie,6,10,S_-Group_Generic_Zombie,2,4,S_-Group_Generic_Zombie,2,3,S_-_Group_Zom_Badass,10,15,S_-Group_Generic_Zombie,1,3,S_-_Group_Zom_Badass,6,8" />
  <property name="SleeperIsLootVolume" value="False,False,False,False,False,False,False,False,False" />
  <property name="SleeperIsQuestExclude" value="False,False,False,False,False,False,False,False,False" />
  <property name="SleeperVolumeFlags" value="0,0,0,0,0,0,0,0,2" />
  <property class="Stats">
    <property name="TotalVertices" value="465858" />
    <property name="TotalTriangles" value="459213" />
    <property class="BlockEntities">
      <property name="Vertices" value="394141" />
      <property name="Triangles" value="413425" />
    </property>
    <property class="ChunkMeshes0">
      <property name="Vertices" value="50687" />
      <property name="Triangles" value="28088" />
    </property>
    <property class="ChunkMeshes1">
      <property name="Vertices" value="12160" />
      <property name="Triangles" value="6080" />
    </property>
    <property class="ChunkMeshes2">
      <property name="Vertices" value="0" />
      <property name="Triangles" value="0" />
    </property>
    <property class="ChunkMeshes3">
      <property name="Vertices" value="0" />
      <property name="Triangles" value="0" />
    </property>
    <property class="ChunkMeshes4">
      <property name="Vertices" value="2894" />
      <property name="Triangles" value="2028" />
    </property>
    <property class="ChunkMeshes5">
      <property name="Vertices" value="0" />
      <property name="Triangles" value="0" />
    </property>
    <property class="ChunkMeshes6">
      <property name="Vertices" value="0" />
      <property name="Triangles" value="0" />
    </property>
    <property class="ChunkMeshes7">
      <property name="Vertices" value="5960" />
      <property name="Triangles" value="9584" />
    </property>
    <property class="ChunkMeshes8">
      <property name="Vertices" value="0" />
      <property name="Triangles" value="0" />
    </property>
    <property class="ChunkMeshes9">
      <property name="Vertices" value="16" />
      <property name="Triangles" value="8" />
    </property>
  </property>
  <property class="IndexedBlockOffsets">
    <property class="POILight">
      <property name="0" value="35, 7, 36" />
    </property>
    <property class="FetchContainer">
      <property name="0" value="24, 9, 27" />
      <property name="1" value="23, 4, 36" />
    </property>
    <property class="Rally">
      <property name="0" value="24, 4, 0" />
    </property>
    <property class="TraderOnOff">
      <property name="0" value="24, 4, 21" />
    </property>
  </property>
</prefab>