﻿<?xml version="1.0" encoding="UTF-8"?>
<prefab>
  <property name="CopyAirBlocks" value="True" />
  <property name="ExcludeDistantPOIMesh" value="False" />
  <property name="ExcludePOICulling" value="False" />
  <property name="DistantPOIYOffset" value="0" />
  <property name="AllowTopSoilDecorations" value="True" />
  <property name="DifficultyTier" value="3" />
  <property name="ShowQuestClearCount" value="2" />
  <property name="QuestTags" value="clear,fetch,restore_power" />
  <property name="Tags" value="oldwest" />
  <property name="TraderArea" value="False" />
  <property name="PrefabSize" value="50, 18, 25" />
  <property name="RotationToFaceNorth" value="2" />
  <property name="YOffset" value="-5" />
  <property name="Zoning" value="none" />
  <property name="SleeperVolumeSize" value="9, 4, 5#10, 5, 13#7, 4, 8#8, 3, 12#9, 3, 5#13, 3, 14#12, 9, 16#12, 5, 17#8, 7, 5#17, 6, 6" />
  <property name="SleeperVolumeStart" value="4, 5, 3#4, 6, 8#12, 1, 13#12, 1, 1#20, 1, 1#20, 1, 6#34, 1, 4#22, 5, 3#20, 10, 10#28, 10, 10" />
  <property name="SleeperVolumeGroupId" value="0,0,0,0,0,0,0,0,0,0" />
  <property name="SleeperVolumeGroup" value="S_-_Group_Ghost_Town,1,3,S_-_Group_Ghost_Town,4,7,S_-_Group_Ghost_Town,1,3,S_-_Group_Ghost_Town,1,3,S_-_Group_Ghost_Town,1,3,S_-_Group_Ghost_Town,2,4,S_-_Group_Ghost_Town,3,5,S_-_Group_Ghost_Town,3,5,S_-_Group_Ghost_Town,1,3,S_-_Group_Ghost_Town,4,6" />
  <property name="SleeperIsLootVolume" value="False,False,False,False,False,False,False,False,False,False" />
  <property name="SleeperIsQuestExclude" value="False,False,False,False,False,False,False,False,False,False" />
  <property name="SleeperVolumeFlags" value="0,0,0,0,0,0,0,0,0,0" />
  <property class="Stats">
    <property name="TotalVertices" value="850209" />
    <property name="TotalTriangles" value="871717" />
    <property class="BlockEntities">
      <property name="Vertices" value="763891" />
      <property name="Triangles" value="818085" />
    </property>
    <property class="ChunkMeshes0">
      <property name="Vertices" value="71932" />
      <property name="Triangles" value="38407" />
    </property>
    <property class="ChunkMeshes1">
      <property name="Vertices" value="0" />
      <property name="Triangles" value="0" />
    </property>
    <property class="ChunkMeshes2">
      <property name="Vertices" value="176" />
      <property name="Triangles" value="88" />
    </property>
    <property class="ChunkMeshes3">
      <property name="Vertices" value="0" />
      <property name="Triangles" value="0" />
    </property>
    <property class="ChunkMeshes4">
      <property name="Vertices" value="9072" />
      <property name="Triangles" value="6469" />
    </property>
    <property class="ChunkMeshes5">
      <property name="Vertices" value="48" />
      <property name="Triangles" value="24" />
    </property>
    <property class="ChunkMeshes6">
      <property name="Vertices" value="0" />
      <property name="Triangles" value="0" />
    </property>
    <property class="ChunkMeshes7">
      <property name="Vertices" value="5066" />
      <property name="Triangles" value="8632" />
    </property>
    <property class="ChunkMeshes8">
      <property name="Vertices" value="0" />
      <property name="Triangles" value="0" />
    </property>
    <property class="ChunkMeshes9">
      <property name="Vertices" value="24" />
      <property name="Triangles" value="12" />
    </property>
  </property>
  <property class="IndexedBlockOffsets">
    <property class="POILight">
      <property name="0" value="44, 8, 19" />
    </property>
    <property class="QuestRestorePower">
      <property name="0" value="33, 10, 15" />
    </property>
    <property class="FetchContainer">
      <property name="0" value="37, 14, 14" />
      <property name="1" value="29, 2, 19" />
    </property>
    <property class="TraderOnOff">
      <property name="0" value="33, 5, 4" />
    </property>
  </property>
</prefab>