﻿<?xml version="1.0" encoding="UTF-8"?>
<prefab>
  <property name="CopyAirBlocks" value="True" />
  <property name="ExcludeDistantPOIMesh" value="False" />
  <property name="ExcludePOICulling" value="False" />
  <property name="DistantPOIYOffset" value="0" />
  <property name="AllowTopSoilDecorations" value="False" />
  <property name="DifficultyTier" value="2" />
  <property name="ShowQuestClearCount" value="1" />
  <property name="TraderArea" value="False" />
  <property name="PrefabSize" value="25, 16, 25" />
  <property name="RotationToFaceNorth" value="2" />
  <property name="Zoning" value="none" />
  <property name="YOffset" value="-3" />
  <property name="Tags" value="oldwest,oldwestoutskirt" />
  <property name="QuestTags" value="clear,fetch" />
  <property name="SleeperVolumeSize" value="10, 3, 16#8, 3, 16#6, 6, 15#12, 5, 15" />
  <property name="SleeperVolumeStart" value="12, 4, 6#4, 4, 5#4, 7, 6#10, 8, 6" />
  <property name="SleeperVolumeGroupId" value="0,0,0,0" />
  <property name="SleeperVolumeGroup" value="S_-Group_Generic_Zombie,2,5,S_-Group_Generic_Zombie,2,6,S_-Group_Generic_Zombie,5,8,S_-Group_Generic_Zombie,5,7" />
  <property name="SleeperIsLootVolume" value="False,False,False,False" />
  <property name="SleeperIsQuestExclude" value="False,False,False,False" />
  <property name="SleeperVolumeFlags" value="0,0,0,0" />
  <property class="Stats">
    <property name="TotalVertices" value="330826" />
    <property name="TotalTriangles" value="325042" />
    <property class="BlockEntities">
      <property name="Vertices" value="288210" />
      <property name="Triangles" value="299451" />
    </property>
    <property class="ChunkMeshes0">
      <property name="Vertices" value="39467" />
      <property name="Triangles" value="21410" />
    </property>
    <property class="ChunkMeshes1">
      <property name="Vertices" value="0" />
      <property name="Triangles" value="0" />
    </property>
    <property class="ChunkMeshes2">
      <property name="Vertices" value="336" />
      <property name="Triangles" value="280" />
    </property>
    <property class="ChunkMeshes3">
      <property name="Vertices" value="0" />
      <property name="Triangles" value="0" />
    </property>
    <property class="ChunkMeshes4">
      <property name="Vertices" value="1011" />
      <property name="Triangles" value="765" />
    </property>
    <property class="ChunkMeshes5">
      <property name="Vertices" value="16" />
      <property name="Triangles" value="8" />
    </property>
    <property class="ChunkMeshes6">
      <property name="Vertices" value="0" />
      <property name="Triangles" value="0" />
    </property>
    <property class="ChunkMeshes7">
      <property name="Vertices" value="1786" />
      <property name="Triangles" value="3128" />
    </property>
    <property class="ChunkMeshes8">
      <property name="Vertices" value="0" />
      <property name="Triangles" value="0" />
    </property>
    <property class="ChunkMeshes9">
      <property name="Vertices" value="0" />
      <property name="Triangles" value="0" />
    </property>
  </property>
  <property class="IndexedBlockOffsets">
    <property class="TraderOnOff">
      <property name="0" value="12, 4, 21" />
    </property>
    <property class="FetchContainer">
      <property name="0" value="21, 9, 15" />
      <property name="1" value="19, 12, 17" />
    </property>
    <property class="quest_feather">
      <property name="0" value="1, 3, 12" />
    </property>
    <property class="POILight">
      <property name="0" value="11, 4, 20" />
    </property>
    <property class="Rally">
      <property name="0" value="17, 3, 1" />
    </property>
  </property>
</prefab>