﻿<?xml version="1.0" encoding="UTF-8"?>
<prefab>
  <property name="CopyAirBlocks" value="True" />
  <property name="ExcludeDistantPOIMesh" value="False" />
  <property name="ExcludePOICulling" value="False" />
  <property name="DistantPOIYOffset" value="0" />
  <property name="AllowTopSoilDecorations" value="True" />
  <property name="DifficultyTier" value="3" />
  <property name="ShowQuestClearCount" value="2" />
  <property name="QuestTags" value="clear,fetch" />
  <property name="Tags" value="oldwest,oldwestoutskirt" />
  <property name="TraderArea" value="False" />
  <property name="PrefabSize" value="50, 21, 25" />
  <property name="RotationToFaceNorth" value="2" />
  <property name="Zoning" value="none" />
  <property name="YOffset" value="-6" />
  <property name="SleeperVolumeSize" value="5, 5, 8#5, 5, 4#9, 7, 8#8, 5, 12#8, 5, 11#12, 3, 11" />
  <property name="SleeperVolumeStart" value="13, 7, 7#13, 7, 15#19, 6, 8#33, 7, 9#33, 12, 8#31, 17, 8" />
  <property name="SleeperVolumeGroupId" value="0,0,0,0,0,0" />
  <property name="SleeperVolumeGroup" value="S_-_Group_Ghost_Town,2,4,S_-_Group_Ghost_Town,2,3,S_-_Group_Ghost_Town,6,9,S_-_Group_Ghost_Town,6,9,S_-Group_Generic_Zombie,5,6,S_-_Group_Ghost_Town,1,2" />
  <property name="SleeperIsLootVolume" value="False,False,False,False,False,False" />
  <property name="SleeperIsQuestExclude" value="False,False,False,False,False,False" />
  <property name="SleeperVolumeFlags" value="0,0,0,0,0,0" />
  <property class="Stats">
    <property name="TotalVertices" value="438395" />
    <property name="TotalTriangles" value="459140" />
    <property class="BlockEntities">
      <property name="Vertices" value="359362" />
      <property name="Triangles" value="411474" />
    </property>
    <property class="ChunkMeshes0">
      <property name="Vertices" value="72541" />
      <property name="Triangles" value="39365" />
    </property>
    <property class="ChunkMeshes1">
      <property name="Vertices" value="960" />
      <property name="Triangles" value="480" />
    </property>
    <property class="ChunkMeshes2">
      <property name="Vertices" value="0" />
      <property name="Triangles" value="0" />
    </property>
    <property class="ChunkMeshes3">
      <property name="Vertices" value="24" />
      <property name="Triangles" value="12" />
    </property>
    <property class="ChunkMeshes4">
      <property name="Vertices" value="1502" />
      <property name="Triangles" value="1005" />
    </property>
    <property class="ChunkMeshes5">
      <property name="Vertices" value="0" />
      <property name="Triangles" value="0" />
    </property>
    <property class="ChunkMeshes6">
      <property name="Vertices" value="0" />
      <property name="Triangles" value="0" />
    </property>
    <property class="ChunkMeshes7">
      <property name="Vertices" value="3990" />
      <property name="Triangles" value="6796" />
    </property>
    <property class="ChunkMeshes8">
      <property name="Vertices" value="0" />
      <property name="Triangles" value="0" />
    </property>
    <property class="ChunkMeshes9">
      <property name="Vertices" value="16" />
      <property name="Triangles" value="8" />
    </property>
  </property>
  <property class="IndexedBlockOffsets">
    <property class="Rally">
      <property name="0" value="14, 7, 2" />
    </property>
    <property class="POILight">
      <property name="0" value="23, 8, 9" />
    </property>
    <property class="FetchContainer">
      <property name="0" value="36, 17, 14" />
      <property name="1" value="39, 6, 17" />
    </property>
    <property class="TraderOnOff">
      <property name="0" value="41, 12, 10" />
    </property>
  </property>
</prefab>