﻿<?xml version="1.0" encoding="UTF-8"?>
<prefab>
  <property name="CopyAirBlocks" value="True" />
  <property name="ExcludeDistantPOIMesh" value="False" />
  <property name="ExcludePOICulling" value="False" />
  <property name="DistantPOIYOffset" value="0" />
  <property name="AllowTopSoilDecorations" value="False" />
  <property name="DifficultyTier" value="2" />
  <property name="ShowQuestClearCount" value="1" />
  <property name="TraderArea" value="False" />
  <property name="QuestTags" value="clear,fetch" />
  <property name="Tags" value="oldwest,oldwestoutskirt" />
  <property name="PrefabSize" value="25, 17, 25" />
  <property name="RotationToFaceNorth" value="2" />
  <property name="Zoning" value="none" />
  <property name="SleeperVolumeSize" value="23, 4, 18#23, 4, 5#15, 8, 15" />
  <property name="SleeperVolumeStart" value="1, 1, 1#1, 1, 19#5, 5, 5" />
  <property name="SleeperVolumeGroupId" value="0,0,0" />
  <property name="SleeperVolumeGroup" value="S_-_Group_Ghost_Town,6,9,zombieBurnt,3,5,S_-_Group_Ghost_Town,6,9" />
  <property name="SleeperIsLootVolume" value="False,False,False" />
  <property name="SleeperIsQuestExclude" value="False,False,False" />
  <property name="SleeperVolumeFlags" value="0,0,0" />
  <property name="YOffset" value="-1" />
  <property class="Stats">
    <property name="TotalVertices" value="270524" />
    <property name="TotalTriangles" value="254912" />
    <property class="BlockEntities">
      <property name="Vertices" value="229676" />
      <property name="Triangles" value="229417" />
    </property>
    <property class="ChunkMeshes0">
      <property name="Vertices" value="33229" />
      <property name="Triangles" value="18140" />
    </property>
    <property class="ChunkMeshes1">
      <property name="Vertices" value="0" />
      <property name="Triangles" value="0" />
    </property>
    <property class="ChunkMeshes2">
      <property name="Vertices" value="936" />
      <property name="Triangles" value="772" />
    </property>
    <property class="ChunkMeshes3">
      <property name="Vertices" value="0" />
      <property name="Triangles" value="0" />
    </property>
    <property class="ChunkMeshes4">
      <property name="Vertices" value="5311" />
      <property name="Triangles" value="4137" />
    </property>
    <property class="ChunkMeshes5">
      <property name="Vertices" value="0" />
      <property name="Triangles" value="0" />
    </property>
    <property class="ChunkMeshes6">
      <property name="Vertices" value="0" />
      <property name="Triangles" value="0" />
    </property>
    <property class="ChunkMeshes7">
      <property name="Vertices" value="1352" />
      <property name="Triangles" value="2436" />
    </property>
    <property class="ChunkMeshes8">
      <property name="Vertices" value="0" />
      <property name="Triangles" value="0" />
    </property>
    <property class="ChunkMeshes9">
      <property name="Vertices" value="20" />
      <property name="Triangles" value="10" />
    </property>
  </property>
  <property class="IndexedBlockOffsets">
    <property class="Rally">
      <property name="0" value="9, 2, 2" />
    </property>
    <property class="FetchContainer">
      <property name="0" value="17, 2, 14" />
      <property name="1" value="15, 4, 17" />
    </property>
  </property>
</prefab>