﻿<?xml version="1.0" encoding="UTF-8"?>
<prefab>
  <property name="CopyAirBlocks" value="True" />
  <property name="Zoning" value="Industrial" />
  <property name="RotationToFaceNorth" value="2" />
  <property name="YOffset" value="-1" />
  <property name="AllowedTownships" value="rural,wilderness" />
  <property name="AllowTopSoilDecorations" value="True" />
  <property name="DifficultyTier" value="1" />
  <property name="ShowQuestClearCount" value="1" />
  <property name="QuestTags" value="clear,fetch" />
  <property name="Tags" value="oldwest" />
  <property name="TraderArea" value="False" />
  <property name="ExcludeDistantPOIMesh" value="False" />
  <property name="SleeperVolumeSize" value="21, 4, 15#11, 4, 15" />
  <property name="SleeperVolumeStart" value="2, 0, 7#2, 4, 7" />
  <property name="SleeperVolumeGroup" value="S_-_Group_Ghost_Town,5,6,S_-_Group_Ghost_Town,2,4" />
  <property name="SleeperVolumeGameStageAdjust" value="" />
  <property name="SleeperIsLootVolume" value="False,False" />
  <property name="DistantPOIYOffset" value="0" />
  <property name="EditorGroups" value="oldwest" />
  <property name="SleeperIsBossVolume" value="False,False" />
  <property name="ExcludePOICulling" value="False" />
  <property name="SleeperVolumeGroupId" value="0,0" />
  <property name="SleeperVolumeFlags" value="0,0" />
  <property name="SleeperIsQuestExclude" value="False,False" />
  <property name="PrefabSize" value="25, 11, 25" />
  <property class="Stats">
    <property name="TotalVertices" value="176827" />
    <property name="TotalTriangles" value="163905" />
    <property class="BlockEntities">
      <property name="Vertices" value="142361" />
      <property name="Triangles" value="143596" />
    </property>
    <property class="ChunkMeshes0">
      <property name="Vertices" value="31144" />
      <property name="Triangles" value="16264" />
    </property>
    <property class="ChunkMeshes1">
      <property name="Vertices" value="0" />
      <property name="Triangles" value="0" />
    </property>
    <property class="ChunkMeshes2">
      <property name="Vertices" value="0" />
      <property name="Triangles" value="0" />
    </property>
    <property class="ChunkMeshes3">
      <property name="Vertices" value="0" />
      <property name="Triangles" value="0" />
    </property>
    <property class="ChunkMeshes4">
      <property name="Vertices" value="1748" />
      <property name="Triangles" value="1333" />
    </property>
    <property class="ChunkMeshes5">
      <property name="Vertices" value="0" />
      <property name="Triangles" value="0" />
    </property>
    <property class="ChunkMeshes6">
      <property name="Vertices" value="0" />
      <property name="Triangles" value="0" />
    </property>
    <property class="ChunkMeshes7">
      <property name="Vertices" value="1558" />
      <property name="Triangles" value="2704" />
    </property>
    <property class="ChunkMeshes8">
      <property name="Vertices" value="0" />
      <property name="Triangles" value="0" />
    </property>
    <property class="ChunkMeshes9">
      <property name="Vertices" value="16" />
      <property name="Triangles" value="8" />
    </property>
  </property>
  <property class="IndexedBlockOffsets">
    <property class="POILight">
      <property name="0" value="13, 3, 14" />
    </property>
    <property class="FetchContainer">
      <property name="0" value="14, 1, 21" />
    </property>
    <property class="Rally">
      <property name="0" value="20, 2, 2" />
    </property>
  </property>
</prefab>