﻿<?xml version="1.0" encoding="UTF-8"?>
<prefab>
  <property name="CopyAirBlocks" value="True" />
  <property name="ExcludeDistantPOIMesh" value="False" />
  <property name="ExcludePOICulling" value="False" />
  <property name="DistantPOIYOffset" value="0" />
  <property name="AllowTopSoilDecorations" value="True" />
  <property name="DifficultyTier" value="2" />
  <property name="ShowQuestClearCount" value="1" />
  <property name="QuestTags" value="clear,fetch,restore_power" />
  <property name="Tags" value="oldwest,oldwestoutskirt" />
  <property name="TraderArea" value="False" />
  <property name="PrefabSize" value="42, 21, 42" />
  <property name="RotationToFaceNorth" value="2" />
  <property name="Zoning" value="none" />
  <property name="YOffset" value="-5" />
  <property name="SleeperVolumeSize" value="18, 6, 11#16, 6, 11#12, 15, 23#10, 16, 23#12, 4, 23#12, 8, 10" />
  <property name="SleeperVolumeStart" value="20, 5, 4#4, 5, 4#26, 5, 15#4, 4, 15#14, 5, 15#14, 9, 15" />
  <property name="SleeperVolumeGroupId" value="0,0,0,0,0,0" />
  <property name="SleeperVolumeGroup" value="S_-_Group_Ghost_Town,3,4,S_-_Group_Ghost_Town,3,4,S_-_Group_Ghost_Town,5,6,S_-_Group_Ghost_Town,5,6,S_-_Group_Lab_Worker,3,4,S_Zom_Utility_Worker,2,3" />
  <property name="SleeperIsLootVolume" value="False,False,False,False,False,False" />
  <property name="SleeperIsQuestExclude" value="False,False,False,False,False,False" />
  <property name="SleeperVolumeFlags" value="0,0,0,0,0,0" />
  <property class="Stats">
    <property name="TotalVertices" value="1036162" />
    <property name="TotalTriangles" value="958242" />
    <property class="BlockEntities">
      <property name="Vertices" value="947850" />
      <property name="Triangles" value="890848" />
    </property>
    <property class="ChunkMeshes0">
      <property name="Vertices" value="74594" />
      <property name="Triangles" value="53730" />
    </property>
    <property class="ChunkMeshes1">
      <property name="Vertices" value="5760" />
      <property name="Triangles" value="2880" />
    </property>
    <property class="ChunkMeshes2">
      <property name="Vertices" value="0" />
      <property name="Triangles" value="0" />
    </property>
    <property class="ChunkMeshes3">
      <property name="Vertices" value="0" />
      <property name="Triangles" value="0" />
    </property>
    <property class="ChunkMeshes4">
      <property name="Vertices" value="2310" />
      <property name="Triangles" value="1752" />
    </property>
    <property class="ChunkMeshes5">
      <property name="Vertices" value="0" />
      <property name="Triangles" value="0" />
    </property>
    <property class="ChunkMeshes6">
      <property name="Vertices" value="0" />
      <property name="Triangles" value="0" />
    </property>
    <property class="ChunkMeshes7">
      <property name="Vertices" value="5648" />
      <property name="Triangles" value="9032" />
    </property>
    <property class="ChunkMeshes8">
      <property name="Vertices" value="0" />
      <property name="Triangles" value="0" />
    </property>
    <property class="ChunkMeshes9">
      <property name="Vertices" value="0" />
      <property name="Triangles" value="0" />
    </property>
  </property>
  <property class="IndexedBlockOffsets">
    <property class="Rally">
      <property name="0" value="19, 6, 1" />
    </property>
    <property class="POILight">
      <property name="0" value="35, 8, 37" />
    </property>
    <property class="QuestRestorePower">
      <property name="0" value="34, 6, 29" />
    </property>
    <property class="FetchContainer">
      <property name="0" value="36, 9, 20" />
    </property>
    <property class="TraderOnOff">
      <property name="0" value="23, 9, 20" />
    </property>
  </property>
</prefab>