﻿<?xml version="1.0" encoding="UTF-8"?>
<prefab>
  <property name="CopyAirBlocks" value="True" />
  <property name="Zoning" value="Commercial" />
  <property name="AllowedTownships" value="rural,wilderness" />
  <property name="RotationToFaceNorth" value="2" />
  <property name="Condition" value="Old" />
  <property name="ExcludeDistantPOIMesh" value="False" />
  <property name="AllowTopSoilDecorations" value="True" />
  <property name="DifficultyTier" value="1" />
  <property name="ShowQuestClearCount" value="1" />
  <property name="QuestTags" value="clear,fetch" />
  <property name="Tags" value="oldwest" />  
  <property name="TraderArea" value="False" />
  <property name="SleeperVolumeSize" value="5, 7, 5#20, 5, 7" />
  <property name="SleeperVolumeStart" value="10, 1, 9#1, 2, 15" />
  <property name="SleeperVolumeGroup" value="S_-_Group_Ghost_Town,3,5,S_-_Group_Ghost_Town,4,7" />
  <property name="SleeperVolumeGameStageAdjust" value="" />
  <property name="SleeperIsLootVolume" value="False,False" />
  <property name="DistantPOIYOffset" value="0" />
  <property name="EditorGroups" value="oldwest" />
  <property name="SleeperIsBossVolume" value="False" />
  <property name="ExcludePOICulling" value="False" />
  <property name="YOffset" value="-2" />
  <property name="SleeperVolumeGroupId" value="0,0" />
  <property name="SleeperVolumeFlags" value="0,0" />
  <property name="SleeperIsQuestExclude" value="False,False" />
  <property name="PrefabSize" value="25, 11, 25" />
  <property class="Stats">
    <property name="TotalVertices" value="156159" />
    <property name="TotalTriangles" value="152192" />
    <property class="BlockEntities">
      <property name="Vertices" value="137982" />
      <property name="Triangles" value="140709" />
    </property>
    <property class="ChunkMeshes0">
      <property name="Vertices" value="14848" />
      <property name="Triangles" value="7734" />
    </property>
    <property class="ChunkMeshes1">
      <property name="Vertices" value="1536" />
      <property name="Triangles" value="768" />
    </property>
    <property class="ChunkMeshes2">
      <property name="Vertices" value="0" />
      <property name="Triangles" value="0" />
    </property>
    <property class="ChunkMeshes3">
      <property name="Vertices" value="0" />
      <property name="Triangles" value="0" />
    </property>
    <property class="ChunkMeshes4">
      <property name="Vertices" value="75" />
      <property name="Triangles" value="37" />
    </property>
    <property class="ChunkMeshes5">
      <property name="Vertices" value="0" />
      <property name="Triangles" value="0" />
    </property>
    <property class="ChunkMeshes6">
      <property name="Vertices" value="0" />
      <property name="Triangles" value="0" />
    </property>
    <property class="ChunkMeshes7">
      <property name="Vertices" value="1678" />
      <property name="Triangles" value="2924" />
    </property>
    <property class="ChunkMeshes8">
      <property name="Vertices" value="0" />
      <property name="Triangles" value="0" />
    </property>
    <property class="ChunkMeshes9">
      <property name="Vertices" value="40" />
      <property name="Triangles" value="20" />
    </property>
  </property>
  <property class="IndexedBlockOffsets">
    <property class="TraderOnOff">
      <property name="0" value="4, 2, 15" />
    </property>
    <property class="FetchContainer">
      <property name="0" value="14, 5, 11" />
    </property>
    <property class="Rally">
      <property name="0" value="12, 2, 3" />
    </property>
    <property class="POILight">
      <property name="0" value="13, 3, 12" />
    </property>
  </property>
</prefab>