﻿<?xml version="1.0" encoding="UTF-8"?>
<prefab>
  <property name="CopyAirBlocks" value="True" />
  <property name="ExcludeDistantPOIMesh" value="False" />
  <property name="ExcludePOICulling" value="False" />
  <property name="DistantPOIYOffset" value="0" />
  <property name="AllowTopSoilDecorations" value="True" />
  <property name="Tags" value="oldwest" />
  <property name="DifficultyTier" value="2" />
  <property name="ShowQuestClearCount" value="1" />
  <property name="QuestTags" value="clear,fetch" />
  <property name="TraderArea" value="False" />
  <property name="PrefabSize" value="25, 20, 25" />
  <property name="RotationToFaceNorth" value="2" />
  <property name="Zoning" value="none" />
  <property name="SleeperVolumeSize" value="11, 7, 11#11, 4, 11#11, 3, 11" />
  <property name="SleeperVolumeStart" value="7, 13, 5#7, 9, 5#7, 5, 5" />
  <property name="SleeperVolumeGroupId" value="0,0,0" />
  <property name="SleeperVolumeGroup" value="S_-_Group_Ghost_Town,5,7,S_-_Group_Zom_Soldier,5,7,S_-_Group_Ghost_Town,5,7" />
  <property name="SleeperIsLootVolume" value="False,False,False" />
  <property name="SleeperIsQuestExclude" value="False,False,False" />
  <property name="SleeperVolumeFlags" value="0,0,0" />
  <property name="YOffset" value="-5" />
  <property class="Stats">
    <property name="TotalVertices" value="611486" />
    <property name="TotalTriangles" value="567373" />
    <property class="BlockEntities">
      <property name="Vertices" value="578416" />
      <property name="Triangles" value="544397" />
    </property>
    <property class="ChunkMeshes0">
      <property name="Vertices" value="27416" />
      <property name="Triangles" value="17164" />
    </property>
    <property class="ChunkMeshes1">
      <property name="Vertices" value="1344" />
      <property name="Triangles" value="672" />
    </property>
    <property class="ChunkMeshes2">
      <property name="Vertices" value="0" />
      <property name="Triangles" value="0" />
    </property>
    <property class="ChunkMeshes3">
      <property name="Vertices" value="0" />
      <property name="Triangles" value="0" />
    </property>
    <property class="ChunkMeshes4">
      <property name="Vertices" value="2224" />
      <property name="Triangles" value="1494" />
    </property>
    <property class="ChunkMeshes5">
      <property name="Vertices" value="0" />
      <property name="Triangles" value="0" />
    </property>
    <property class="ChunkMeshes6">
      <property name="Vertices" value="0" />
      <property name="Triangles" value="0" />
    </property>
    <property class="ChunkMeshes7">
      <property name="Vertices" value="2066" />
      <property name="Triangles" value="3636" />
    </property>
    <property class="ChunkMeshes8">
      <property name="Vertices" value="0" />
      <property name="Triangles" value="0" />
    </property>
    <property class="ChunkMeshes9">
      <property name="Vertices" value="20" />
      <property name="Triangles" value="10" />
    </property>
  </property>
  <property class="IndexedBlockOffsets">
    <property class="FetchContainer">
      <property name="0" value="15, 15, 13" />
      <property name="1" value="16, 7, 14" />
    </property>
    <property class="POILight">
      <property name="0" value="12, 8, 14" />
    </property>
    <property class="Rally">
      <property name="0" value="12, 6, 1" />
    </property>
    <property class="TraderOnOff">
      <property name="0" value="14, 5, 13" />
    </property>
  </property>
</prefab>