﻿<?xml version="1.0" encoding="UTF-8"?>
<prefab>
  <property name="Zoning" value="Commercial" />
  <property name="AllowedTownships" value="rural,wilderness" />
  <property name="CopyAirBlocks" value="True" />
  <property name="ExcludeDistantPOIMesh" value="False" />
  <property name="ExcludePOICulling" value="False" />
  <property name="DistantPOIYOffset" value="0" />
  <property name="AllowTopSoilDecorations" value="True" />
  <property name="DifficultyTier" value="3" />
  <property name="ShowQuestClearCount" value="2" />
  <property name="TraderArea" value="False" />
  <property name="QuestTags" value="clear,fetch,restore_power" />
  <property name="Tags" value="oldwest,oldwestoutskirt" />
  <property name="EditorGroups" value="oldwest" />
  <property name="YOffset" value="-5" />
  <property name="SleeperVolumeSize" value="10, 5, 6#9, 6, 9#9, 3, 11#9, 5, 5#9, 8, 9#12, 3, 12#12, 5, 12#10, 5, 10#9, 6, 9#4, 3, 3#5, 3, 3#7, 3, 8#9, 4, 6" />
  <property name="SleeperVolumeStart" value="5, 0, 10#6, 10, 8#15, 11, 7#15, 6, 13#24, 12, 8#33, 15, 7#33, 10, 7#33, 5, 9#24, 6, 8#8, 1, 16#8, 1, 7#8, 6, 9#15, 6, 7" />
  <property name="SleeperVolumeGroup" value="S_-_Group_Ghost_Town,2,3,S_-_Group_Ghost_Town,2,4,S_-_Group_Ghost_Town,2,4,S_-_Group_Ghost_Town,1,2,S_-_Group_Ghost_Town,2,3,S_-_Group_Ghost_Town,2,3,S_-_Group_Ghost_Town,2,3,S_-_Group_Ghost_Town,4,5,S_-_Group_Ghost_Town,4,5,S_-_Group_Ghost_Town,1,2,S_-_Group_Ghost_Town,2,3,S_-_Group_Ghost_Town,2,4,S_-_Group_Ghost_Town,2,3" />
  <property name="SleeperIsLootVolume" value="False,False,False,False,False,False,False,False,False,False,False,False,False" />
  <property name="SleeperIsBossVolume" value="False,False,False,False,False,False,False,False,False,False,False,False" />
  <property name="SleeperVolumeGroupId" value="3,0,0,0,2,2,0,1,0,3,3,0,0" />
  <property name="RotationToFaceNorth" value="2" />
  <property name="SleeperVolumeFlags" value="0,0,0,0,2,0,0,2,0,0,0,0,0" />
  <property name="SleeperIsQuestExclude" value="False,False,False,False,False,False,False,False,False,False,False,False,False" />
  <property name="PrefabSize" value="50, 21, 25" />
  <property class="Stats">
    <property name="TotalVertices" value="700095" />
    <property name="TotalTriangles" value="673303" />
    <property class="BlockEntities">
      <property name="Vertices" value="584817" />
      <property name="Triangles" value="605412" />
    </property>
    <property class="ChunkMeshes0">
      <property name="Vertices" value="95678" />
      <property name="Triangles" value="50936" />
    </property>
    <property class="ChunkMeshes1">
      <property name="Vertices" value="0" />
      <property name="Triangles" value="0" />
    </property>
    <property class="ChunkMeshes2">
      <property name="Vertices" value="0" />
      <property name="Triangles" value="0" />
    </property>
    <property class="ChunkMeshes3">
      <property name="Vertices" value="0" />
      <property name="Triangles" value="0" />
    </property>
    <property class="ChunkMeshes4">
      <property name="Vertices" value="15382" />
      <property name="Triangles" value="9873" />
    </property>
    <property class="ChunkMeshes5">
      <property name="Vertices" value="0" />
      <property name="Triangles" value="0" />
    </property>
    <property class="ChunkMeshes6">
      <property name="Vertices" value="0" />
      <property name="Triangles" value="0" />
    </property>
    <property class="ChunkMeshes7">
      <property name="Vertices" value="4158" />
      <property name="Triangles" value="7052" />
    </property>
    <property class="ChunkMeshes8">
      <property name="Vertices" value="0" />
      <property name="Triangles" value="0" />
    </property>
    <property class="ChunkMeshes9">
      <property name="Vertices" value="60" />
      <property name="Triangles" value="30" />
    </property>
  </property>
  <property class="IndexedBlockOffsets">
    <property class="FetchContainer">
      <property name="0" value="44, 15, 11" />
    </property>
    <property class="Rally">
      <property name="0" value="1, 6, 12" />
    </property>
    <property class="POILight">
      <property name="0" value="42, 15, 18" />
    </property>
    <property class="TraderOnOff">
      <property name="0" value="26, 6, 16" />
    </property>
    <property class="QuestRestorePower">
      <property name="0" value="42, 15, 10" />
    </property>
  </property>
</prefab>