﻿<?xml version="1.0" encoding="UTF-8"?>
<prefab>
  <property name="CopyAirBlocks" value="True" />
  <property name="ExcludeDistantPOIMesh" value="False" />
  <property name="ExcludePOICulling" value="False" />
  <property name="DistantPOIYOffset" value="0" />
  <property name="AllowTopSoilDecorations" value="True" />
  <property name="DifficultyTier" value="1" />
  <property name="ShowQuestClearCount" value="1" />
  <property name="QuestTags" value="clear,fetch,restore_power" />
  <property name="TraderArea" value="False" />
  <property name="PrefabSize" value="25, 14, 25" />
  <property name="RotationToFaceNorth" value="2" />
  <property name="Zoning" value="none" />
  <property name="YOffset" value="-3" />
  <property name="SleeperVolumeSize" value="8, 3, 20#14, 3, 16#11, 5, 13" />
  <property name="SleeperVolumeStart" value="15, 3, 4#1, 3, 8#4, 6, 8" />
  <property name="SleeperVolumeGroupId" value="0,0,0" />
  <property name="SleeperVolumeGroup" value="S_-_Group_Ghost_Town,2,4,S_-_Group_Ghost_Town,3,6,S_-_Group_Ghost_Town,3,5" />
  <property name="SleeperIsLootVolume" value="False,False,False" />
  <property name="SleeperIsQuestExclude" value="False,False,False" />
  <property name="Tags" value="oldwest" />
  <property name="SleeperVolumeFlags" value="0,0,0" />
  <property class="Stats">
    <property name="TotalVertices" value="306892" />
    <property name="TotalTriangles" value="289833" />
    <property class="BlockEntities">
      <property name="Vertices" value="273861" />
      <property name="Triangles" value="270032" />
    </property>
    <property class="ChunkMeshes0">
      <property name="Vertices" value="29817" />
      <property name="Triangles" value="15893" />
    </property>
    <property class="ChunkMeshes1">
      <property name="Vertices" value="1280" />
      <property name="Triangles" value="640" />
    </property>
    <property class="ChunkMeshes2">
      <property name="Vertices" value="96" />
      <property name="Triangles" value="48" />
    </property>
    <property class="ChunkMeshes3">
      <property name="Vertices" value="0" />
      <property name="Triangles" value="0" />
    </property>
    <property class="ChunkMeshes4">
      <property name="Vertices" value="0" />
      <property name="Triangles" value="0" />
    </property>
    <property class="ChunkMeshes5">
      <property name="Vertices" value="0" />
      <property name="Triangles" value="0" />
    </property>
    <property class="ChunkMeshes6">
      <property name="Vertices" value="0" />
      <property name="Triangles" value="0" />
    </property>
    <property class="ChunkMeshes7">
      <property name="Vertices" value="1838" />
      <property name="Triangles" value="3220" />
    </property>
    <property class="ChunkMeshes8">
      <property name="Vertices" value="0" />
      <property name="Triangles" value="0" />
    </property>
    <property class="ChunkMeshes9">
      <property name="Vertices" value="0" />
      <property name="Triangles" value="0" />
    </property>
  </property>
  <property class="IndexedBlockOffsets">
    <property class="FetchContainer">
      <property name="0" value="15, 6, 18" />
    </property>
    <property class="QuestRestorePower">
      <property name="0" value="7, 8, 11" />
    </property>
    <property class="Rally">
      <property name="0" value="19, 4, 2" />
    </property>
  </property>
</prefab>