﻿<?xml version="1.0" encoding="UTF-8"?>
<prefab>
  <property name="CopyAirBlocks" value="True" />
  <property name="Zoning" value="Commercial" />
  <property name="RotationToFaceNorth" value="2" />
  <property name="AllowedTownships" value="rural,wilderness" />
  <property name="Condition" value="Old" />
  <property name="ExcludeDistantPOIMesh" value="False" />
  <property name="AllowTopSoilDecorations" value="True" />
  <property name="DifficultyTier" value="1" />
  <property name="ShowQuestClearCount" value="1" />
  <property name="QuestTags" value="clear,fetch" />
  <property name="Tags" value="oldwest" />
  <property name="TraderArea" value="False" />
  <property name="SleeperVolumeSize" value="10, 7, 12#4, 6, 11" />
  <property name="SleeperVolumeStart" value="6, 0, 4#16, 1, 5" />
  <property name="SleeperVolumeGroup" value="S_-_Group_Ghost_Town,5,6,S_Zom_FatCops,1,2" />
  <property name="SleeperVolumeGameStageAdjust" value="" />
  <property name="SleeperIsLootVolume" value="False,False" />
  <property name="DistantPOIYOffset" value="0" />
  <property name="EditorGroups" value="oldwest" />
  <property name="SleeperIsBossVolume" value="False" />
  <property name="ExcludePOICulling" value="False" />
  <property name="YOffset" value="-1" />
  <property name="SleeperVolumeGroupId" value="0,0" />
  <property name="SleeperVolumeFlags" value="0,0" />
  <property name="SleeperIsQuestExclude" value="False,False" />
  <property name="PrefabSize" value="25, 9, 25" />
  <property class="Stats">
    <property name="TotalVertices" value="161208" />
    <property name="TotalTriangles" value="157668" />
    <property class="BlockEntities">
      <property name="Vertices" value="143144" />
      <property name="Triangles" value="145494" />
    </property>
    <property class="ChunkMeshes0">
      <property name="Vertices" value="13613" />
      <property name="Triangles" value="7615" />
    </property>
    <property class="ChunkMeshes1">
      <property name="Vertices" value="0" />
      <property name="Triangles" value="0" />
    </property>
    <property class="ChunkMeshes2">
      <property name="Vertices" value="0" />
      <property name="Triangles" value="0" />
    </property>
    <property class="ChunkMeshes3">
      <property name="Vertices" value="0" />
      <property name="Triangles" value="0" />
    </property>
    <property class="ChunkMeshes4">
      <property name="Vertices" value="3135" />
      <property name="Triangles" value="2191" />
    </property>
    <property class="ChunkMeshes5">
      <property name="Vertices" value="0" />
      <property name="Triangles" value="0" />
    </property>
    <property class="ChunkMeshes6">
      <property name="Vertices" value="0" />
      <property name="Triangles" value="0" />
    </property>
    <property class="ChunkMeshes7">
      <property name="Vertices" value="1316" />
      <property name="Triangles" value="2368" />
    </property>
    <property class="ChunkMeshes8">
      <property name="Vertices" value="0" />
      <property name="Triangles" value="0" />
    </property>
    <property class="ChunkMeshes9">
      <property name="Vertices" value="0" />
      <property name="Triangles" value="0" />
    </property>
  </property>
  <property class="IndexedBlockOffsets">
    <property class="Rally">
      <property name="0" value="15, 1, 1" />
    </property>
    <property class="POILight">
      <property name="0" value="17, 3, 16" />
    </property>
    <property class="FetchContainer">
      <property name="0" value="18, 2, 16" />
    </property>
  </property>
</prefab>