﻿<?xml version="1.0" encoding="UTF-8"?>
<prefab>
  <property name="CopyAirBlocks" value="True" />
  <property name="ExcludeDistantPOIMesh" value="False" />
  <property name="ExcludePOICulling" value="False" />
  <property name="DistantPOIYOffset" value="0" />
  <property name="AllowTopSoilDecorations" value="True" />
  <property name="DifficultyTier" value="3" />
  <property name="ShowQuestClearCount" value="2" />
  <property name="QuestTags" value="clear,fetch,restore_power" />
  <property name="Tags" value="oldwest" />
  <property name="TraderArea" value="False" />
  <property name="PrefabSize" value="50, 16, 25" />
  <property name="RotationToFaceNorth" value="2" />
  <property name="Zoning" value="none" />
  <property name="YOffset" value="-4" />
  <property name="SleeperVolumeSize" value="11, 3, 17#9, 4, 16#9, 3, 9#9, 3, 8#24, 3, 16#19, 5, 16#3, 3, 2" />
  <property name="SleeperVolumeStart" value="3, 9, 6#13, 4, 6#3, 4, 13#3, 4, 5#23, 9, 6#28, 2, 6#3, 1, 8" />
  <property name="SleeperVolumeGroupId" value="0,0,0,0,0,0,0" />
  <property name="SleeperVolumeGroup" value="S_-_Group_Ghost_Town,2,4,S_-_Group_Ghost_Town,5,8,S_-_Group_Ghost_Town,4,6,S_-_Group_Ghost_Town,2,4,S_-_Group_Ghost_Town,3,8,S_-_Group_Ghost_Town,5,7,S_-_Group_Ghost_Town,2,3" />
  <property name="SleeperIsLootVolume" value="False,False,False,False,False,False,False" />
  <property name="SleeperIsQuestExclude" value="False,False,False,False,False,False,False" />
  <property name="SleeperVolumeFlags" value="0,0,0,0,0,0,0" />
  <property class="Stats">
    <property name="TotalVertices" value="675675" />
    <property name="TotalTriangles" value="704866" />
    <property class="BlockEntities">
      <property name="Vertices" value="619597" />
      <property name="Triangles" value="668602" />
    </property>
    <property class="ChunkMeshes0">
      <property name="Vertices" value="49397" />
      <property name="Triangles" value="27473" />
    </property>
    <property class="ChunkMeshes1">
      <property name="Vertices" value="0" />
      <property name="Triangles" value="0" />
    </property>
    <property class="ChunkMeshes2">
      <property name="Vertices" value="194" />
      <property name="Triangles" value="100" />
    </property>
    <property class="ChunkMeshes3">
      <property name="Vertices" value="0" />
      <property name="Triangles" value="0" />
    </property>
    <property class="ChunkMeshes4">
      <property name="Vertices" value="1985" />
      <property name="Triangles" value="1505" />
    </property>
    <property class="ChunkMeshes5">
      <property name="Vertices" value="0" />
      <property name="Triangles" value="0" />
    </property>
    <property class="ChunkMeshes6">
      <property name="Vertices" value="0" />
      <property name="Triangles" value="0" />
    </property>
    <property class="ChunkMeshes7">
      <property name="Vertices" value="3842" />
      <property name="Triangles" value="6544" />
    </property>
    <property class="ChunkMeshes8">
      <property name="Vertices" value="576" />
      <property name="Triangles" value="600" />
    </property>
    <property class="ChunkMeshes9">
      <property name="Vertices" value="84" />
      <property name="Triangles" value="42" />
    </property>
  </property>
  <property class="IndexedBlockOffsets">
    <property class="Rally">
      <property name="0" value="2, 5, 1" />
    </property>
    <property class="POILight">
      <property name="0" value="41, 9, 14" />
    </property>
    <property class="FetchContainer">
      <property name="0" value="46, 9, 16" />
    </property>
    <property class="TraderOnOff">
      <property name="0" value="37, 4, 5" />
    </property>
    <property class="QuestRestorePower">
      <property name="0" value="35, 9, 13" />
      <property name="1" value="29, 4, 20" />
    </property>
    <property class="quest_feather">
      <property name="0" value="40, 9, 12" />
      <property name="1" value="28, 9, 21" />
    </property>
  </property>
</prefab>