﻿<?xml version="1.0" encoding="UTF-8"?>
<prefab>
  <property name="CopyAirBlocks" value="True" />
  <property name="ExcludeDistantPOIMesh" value="False" />
  <property name="ExcludePOICulling" value="False" />
  <property name="DistantPOIYOffset" value="0" />
  <property name="AllowTopSoilDecorations" value="True" />
  <property name="DifficultyTier" value="1" />
  <property name="ShowQuestClearCount" value="1" />
  <property name="TraderArea" value="False" />
  <property name="QuestTags" value="clear,fetch" />
  <property name="Tags" value="oldwest,oldwestoutskirt" />
  <property name="TraderArea" value="False" />
  <property name="PrefabSize" value="25, 14, 25" />
  <property name="RotationToFaceNorth" value="2" />
  <property name="YOffset" value="-1" />
  <property name="Zoning" value="none" />
  <property name="SleeperVolumeSize" value="8, 3, 13#9, 3, 11#17, 3, 10" />
  <property name="SleeperVolumeStart" value="13, 2, 4#4, 2, 6#4, 6, 7" />
  <property name="SleeperVolumeGroupId" value="0,0,0" />
  <property name="SleeperVolumeGroup" value="S_-_Group_Ghost_Town,3,4,S_-_Group_Ghost_Town,4,6,S_-_Group_Ghost_Town,3,5" />
  <property name="SleeperIsLootVolume" value="False,False,False" />
  <property name="SleeperIsQuestExclude" value="False,False,False" />
  <property name="SleeperVolumeFlags" value="0,0,0" />
  <property class="Stats">
    <property name="TotalVertices" value="284076" />
    <property name="TotalTriangles" value="284768" />
    <property class="BlockEntities">
      <property name="Vertices" value="260563" />
      <property name="Triangles" value="269055" />
    </property>
    <property class="ChunkMeshes0">
      <property name="Vertices" value="17887" />
      <property name="Triangles" value="10263" />
    </property>
    <property class="ChunkMeshes1">
      <property name="Vertices" value="0" />
      <property name="Triangles" value="0" />
    </property>
    <property class="ChunkMeshes2">
      <property name="Vertices" value="0" />
      <property name="Triangles" value="0" />
    </property>
    <property class="ChunkMeshes3">
      <property name="Vertices" value="0" />
      <property name="Triangles" value="0" />
    </property>
    <property class="ChunkMeshes4">
      <property name="Vertices" value="3982" />
      <property name="Triangles" value="2680" />
    </property>
    <property class="ChunkMeshes5">
      <property name="Vertices" value="0" />
      <property name="Triangles" value="0" />
    </property>
    <property class="ChunkMeshes6">
      <property name="Vertices" value="0" />
      <property name="Triangles" value="0" />
    </property>
    <property class="ChunkMeshes7">
      <property name="Vertices" value="1576" />
      <property name="Triangles" value="2736" />
    </property>
    <property class="ChunkMeshes8">
      <property name="Vertices" value="0" />
      <property name="Triangles" value="0" />
    </property>
    <property class="ChunkMeshes9">
      <property name="Vertices" value="68" />
      <property name="Triangles" value="34" />
    </property>
  </property>
  <property class="IndexedBlockOffsets">
    <property class="quest_feather">
      <property name="0" value="23, 1, 9" />
    </property>
    <property class="Rally">
      <property name="0" value="16, 1, 1" />
    </property>
    <property class="FetchContainer">
      <property name="0" value="18, 7, 12" />
    </property>
  </property>
</prefab>