﻿<?xml version="1.0" encoding="UTF-8"?>
<prefab>
  <property name="CopyAirBlocks" value="True" />
  <property name="ExcludeDistantPOIMesh" value="False" />
  <property name="ExcludePOICulling" value="False" />
  <property name="DistantPOIYOffset" value="0" />
  <property name="AllowTopSoilDecorations" value="True" />
  <property name="DifficultyTier" value="2" />
  <property name="ShowQuestClearCount" value="1" />
  <property name="QuestTags" value="clear,fetch" />
  <property name="Tags" value="oldwest" />
  <property name="TraderArea" value="False" />
  <property name="YOffset" value="-10" />
  <property name="PrefabSize" value="42, 18, 42" />
  <property name="RotationToFaceNorth" value="2" />
  <property name="Zoning" value="none" />
  <property name="SleeperVolumeSize" value="13, 3, 37#23, 3, 12#23, 12, 25" />
  <property name="SleeperVolumeStart" value="26, 10, 3#3, 10, 3#3, 1, 15" />
  <property name="SleeperVolumeGroupId" value="0,0,0" />
  <property name="SleeperVolumeGroup" value="S_-_Group_Ghost_Town,3,5,S_-_Group_Ghost_Town,3,5,S_-_Group_Ghost_Town,6,10" />
  <property name="SleeperIsLootVolume" value="False,False,False" />
  <property name="SleeperIsQuestExclude" value="False,False,False" />
  <property name="SleeperVolumeFlags" value="0,0,0" />
  <property class="Stats">
    <property name="TotalVertices" value="1632272" />
    <property name="TotalTriangles" value="2162482" />
    <property class="BlockEntities">
      <property name="Vertices" value="1575971" />
      <property name="Triangles" value="2109736" />
    </property>
    <property class="ChunkMeshes0">
      <property name="Vertices" value="16408" />
      <property name="Triangles" value="8568" />
    </property>
    <property class="ChunkMeshes1">
      <property name="Vertices" value="3456" />
      <property name="Triangles" value="1728" />
    </property>
    <property class="ChunkMeshes2">
      <property name="Vertices" value="0" />
      <property name="Triangles" value="0" />
    </property>
    <property class="ChunkMeshes3">
      <property name="Vertices" value="0" />
      <property name="Triangles" value="0" />
    </property>
    <property class="ChunkMeshes4">
      <property name="Vertices" value="521" />
      <property name="Triangles" value="578" />
    </property>
    <property class="ChunkMeshes5">
      <property name="Vertices" value="0" />
      <property name="Triangles" value="0" />
    </property>
    <property class="ChunkMeshes6">
      <property name="Vertices" value="0" />
      <property name="Triangles" value="0" />
    </property>
    <property class="ChunkMeshes7">
      <property name="Vertices" value="7204" />
      <property name="Triangles" value="11680" />
    </property>
    <property class="ChunkMeshes8">
      <property name="Vertices" value="28712" />
      <property name="Triangles" value="30192" />
    </property>
    <property class="ChunkMeshes9">
      <property name="Vertices" value="0" />
      <property name="Triangles" value="0" />
    </property>
  </property>
  <property class="IndexedBlockOffsets">
    <property class="FetchContainer">
      <property name="0" value="21, 11, 20" />
    </property>
    <property class="Rally">
      <property name="0" value="30, 11, 1" />
    </property>
  </property>
</prefab>