﻿<?xml version="1.0" encoding="UTF-8"?>
<prefab>
  <property name="CopyAirBlocks" value="True" />
  <property name="ExcludeDistantPOIMesh" value="False" />
  <property name="ExcludePOICulling" value="False" />
  <property name="DistantPOIYOffset" value="0" />
  <property name="AllowTopSoilDecorations" value="True" />
  <property name="Tags" value="oldwest,oldwestoutskirt" />
  <property name="DifficultyTier" value="2" />
  <property name="ShowQuestClearCount" value="1" />
  <property name="QuestTags" value="clear,fetch" />
  <property name="TraderArea" value="False" />
  <property name="PrefabSize" value="50, 7, 25" />
  <property name="RotationToFaceNorth" value="2" />
  <property name="Zoning" value="none" />
  <property name="SleeperVolumeSize" value="14, 4, 17#15, 4, 17#13, 4, 17" />
  <property name="SleeperVolumeStart" value="4, 2, 4#18, 2, 4#33, 2, 4" />
  <property name="SleeperVolumeGroupId" value="0,0,0" />
  <property name="SleeperVolumeGroup" value="S_-_Group_Ghost_Town,4,6,S_-_Group_Ghost_Town,4,7,S_-_Group_Ghost_Town,4,7" />
  <property name="SleeperIsLootVolume" value="False,False,False" />
  <property name="SleeperIsQuestExclude" value="False,False,False" />
  <property name="SleeperVolumeFlags" value="0,0,0" />
  <property name="YOffset" value="-2" />
  <property class="Stats">
    <property name="TotalVertices" value="419760" />
    <property name="TotalTriangles" value="420180" />
    <property class="BlockEntities">
      <property name="Vertices" value="367478" />
      <property name="Triangles" value="386562" />
    </property>
    <property class="ChunkMeshes0">
      <property name="Vertices" value="47524" />
      <property name="Triangles" value="26998" />
    </property>
    <property class="ChunkMeshes1">
      <property name="Vertices" value="640" />
      <property name="Triangles" value="320" />
    </property>
    <property class="ChunkMeshes2">
      <property name="Vertices" value="0" />
      <property name="Triangles" value="0" />
    </property>
    <property class="ChunkMeshes3">
      <property name="Vertices" value="0" />
      <property name="Triangles" value="0" />
    </property>
    <property class="ChunkMeshes4">
      <property name="Vertices" value="780" />
      <property name="Triangles" value="688" />
    </property>
    <property class="ChunkMeshes5">
      <property name="Vertices" value="0" />
      <property name="Triangles" value="0" />
    </property>
    <property class="ChunkMeshes6">
      <property name="Vertices" value="0" />
      <property name="Triangles" value="0" />
    </property>
    <property class="ChunkMeshes7">
      <property name="Vertices" value="3338" />
      <property name="Triangles" value="5612" />
    </property>
    <property class="ChunkMeshes8">
      <property name="Vertices" value="0" />
      <property name="Triangles" value="0" />
    </property>
    <property class="ChunkMeshes9">
      <property name="Vertices" value="0" />
      <property name="Triangles" value="0" />
    </property>
  </property>
  <property class="IndexedBlockOffsets">
    <property class="FetchContainer">
      <property name="0" value="44, 2, 18" />
    </property>
    <property class="Rally">
      <property name="0" value="25, 3, 2" />
    </property>
  </property>
</prefab>