﻿<?xml version="1.0" encoding="UTF-8"?>
<prefab>
  <property name="CopyAirBlocks" value="True" />
  <property name="ExcludeDistantPOIMesh" value="False" />
  <property name="ExcludePOICulling" value="False" />
  <property name="DistantPOIYOffset" value="0" />
  <property name="AllowTopSoilDecorations" value="True" />
  <property name="DifficultyTier" value="2" />
  <property name="ShowQuestClearCount" value="1" />
  <property name="QuestTags" value="clear,fetch,restore_power" />
  <property name="Tags" value="oldwest" />
  <property name="TraderArea" value="False" />
  <property name="PrefabSize" value="25, 16, 25" />
  <property name="RotationToFaceNorth" value="2" />
  <property name="Zoning" value="none" />
  <property name="YOffset" value="-5" />
  <property name="SleeperVolumeSize" value="8, 4, 9#19, 4, 9#9, 3, 10#9, 4, 9#11, 4, 13" />
  <property name="SleeperVolumeStart" value="3, 5, 5#3, 5, 14#11, 6, 4#11, 2, 4#11, 9, 4" />
  <property name="SleeperVolumeGroupId" value="0,0,0,0,0" />
  <property name="SleeperVolumeGroup" value="S_-_Group_Ghost_Town,2,4,S_-_Group_Ghost_Town,5,8,S_-_Group_Ghost_Town,3,5,S_-_Group_Ghost_Town,2,4,S_-_Group_Ghost_Town,5,7" />
  <property name="SleeperIsLootVolume" value="False,False,False,False,False" />
  <property name="SleeperIsQuestExclude" value="False,False,False,False,False" />
  <property name="SleeperVolumeFlags" value="0,0,0,0,0" />
  <property class="Stats">
    <property name="TotalVertices" value="567838" />
    <property name="TotalTriangles" value="559148" />
    <property class="BlockEntities">
      <property name="Vertices" value="503131" />
      <property name="Triangles" value="520835" />
    </property>
    <property class="ChunkMeshes0">
      <property name="Vertices" value="55527" />
      <property name="Triangles" value="29688" />
    </property>
    <property class="ChunkMeshes1">
      <property name="Vertices" value="1536" />
      <property name="Triangles" value="768" />
    </property>
    <property class="ChunkMeshes2">
      <property name="Vertices" value="832" />
      <property name="Triangles" value="552" />
    </property>
    <property class="ChunkMeshes3">
      <property name="Vertices" value="0" />
      <property name="Triangles" value="0" />
    </property>
    <property class="ChunkMeshes4">
      <property name="Vertices" value="4274" />
      <property name="Triangles" value="3109" />
    </property>
    <property class="ChunkMeshes5">
      <property name="Vertices" value="0" />
      <property name="Triangles" value="0" />
    </property>
    <property class="ChunkMeshes6">
      <property name="Vertices" value="0" />
      <property name="Triangles" value="0" />
    </property>
    <property class="ChunkMeshes7">
      <property name="Vertices" value="2234" />
      <property name="Triangles" value="3908" />
    </property>
    <property class="ChunkMeshes8">
      <property name="Vertices" value="304" />
      <property name="Triangles" value="288" />
    </property>
    <property class="ChunkMeshes9">
      <property name="Vertices" value="0" />
      <property name="Triangles" value="0" />
    </property>
  </property>
  <property class="IndexedBlockOffsets">
    <property class="FetchContainer">
      <property name="0" value="12, 5, 15" />
      <property name="1" value="17, 10, 15" />
    </property>
    <property class="TraderOnOff">
      <property name="0" value="15, 6, 4" />
      <property name="1" value="16, 6, 4" />
      <property name="2" value="13, 3, 9" />
    </property>
    <property class="Rally">
      <property name="0" value="15, 6, 1" />
    </property>
    <property class="POILight">
      <property name="0" value="19, 5, 16" />
    </property>
    <property class="QuestRestorePower">
      <property name="0" value="15, 13, 14" />
    </property>
  </property>
</prefab>