﻿<?xml version="1.0" encoding="UTF-8"?>
<prefab>
  <property name="CopyAirBlocks" value="True" />
  <property name="ExcludeDistantPOIMesh" value="False" />
  <property name="ExcludePOICulling" value="False" />
  <property name="DistantPOIYOffset" value="0" />
  <property name="AllowTopSoilDecorations" value="True" />
  <property name="DifficultyTier" value="3" />
  <property name="TraderArea" value="False" />
  <property name="EditorGroups" value="oldwest" />
  <property name="YOffset" value="-5" />
  <property name="SleeperVolumeSize" value="9, 3, 8#9, 3, 4#9, 4, 13#9, 5, 3#9, 5, 5#9, 5, 5" />
  <property name="SleeperVolumeStart" value="8, 6, 6#8, 6, 14#8, 1, 6#9, 11, 11#8, 11, 14#8, 11, 6" />
  <property name="SleeperVolumeGroup" value="S_-_Group_Ghost_Town,4,6,S_-_Group_Ghost_Town,2,4,S_-_Group_Ghost_Town,5,9,S_-_Group_Ghost_Town,2,4,S_-_Group_Ghost_Town,4,6,S_-_Group_Ghost_Town,4,6" />
  <property name="SleeperIsLootVolume" value="False,False,False,False,False,False" />
  <property name="SleeperIsBossVolume" value="False,False,False,False,False,False" />
  <property name="QuestTags" value="clear,fetch,restore_power" />
  <property name="Zoning" value="Commercial" />
  <property name="AllowedTownships" value="rural,wilderness" />
  <property name="SleeperVolumeGroupId" value="0,0,0,0,0,0" />
  <property name="RotationToFaceNorth" value="2" />
  <property name="SleeperVolumeFlags" value="0,0,0,0,0,0" />
  <property name="ShowQuestClearCount" value="2" />
  <property name="SleeperIsQuestExclude" value="False,False,False,False,False,False" />
  <property name="Tags" value="oldwest" />
  <property name="PrefabSize" value="25, 21, 25" />
  <property class="Stats">
    <property name="TotalVertices" value="780956" />
    <property name="TotalTriangles" value="815178" />
    <property class="BlockEntities">
      <property name="Vertices" value="729699" />
      <property name="Triangles" value="783038" />
    </property>
    <property class="ChunkMeshes0">
      <property name="Vertices" value="46473" />
      <property name="Triangles" value="26458" />
    </property>
    <property class="ChunkMeshes1">
      <property name="Vertices" value="0" />
      <property name="Triangles" value="0" />
    </property>
    <property class="ChunkMeshes2">
      <property name="Vertices" value="216" />
      <property name="Triangles" value="180" />
    </property>
    <property class="ChunkMeshes3">
      <property name="Vertices" value="0" />
      <property name="Triangles" value="0" />
    </property>
    <property class="ChunkMeshes4">
      <property name="Vertices" value="2220" />
      <property name="Triangles" value="1446" />
    </property>
    <property class="ChunkMeshes5">
      <property name="Vertices" value="48" />
      <property name="Triangles" value="24" />
    </property>
    <property class="ChunkMeshes6">
      <property name="Vertices" value="0" />
      <property name="Triangles" value="0" />
    </property>
    <property class="ChunkMeshes7">
      <property name="Vertices" value="2300" />
      <property name="Triangles" value="4032" />
    </property>
    <property class="ChunkMeshes8">
      <property name="Vertices" value="0" />
      <property name="Triangles" value="0" />
    </property>
    <property class="ChunkMeshes9">
      <property name="Vertices" value="0" />
      <property name="Triangles" value="0" />
    </property>
  </property>
  <property class="IndexedBlockOffsets">
    <property class="POILight">
      <property name="0" value="13, 13, 12" />
      <property name="1" value="15, 3, 12" />
    </property>
    <property class="TraderOnOff">
      <property name="0" value="16, 12, 12" />
      <property name="1" value="12, 6, 18" />
    </property>
    <property class="QuestRestorePower">
      <property name="0" value="12, 10, 5" />
    </property>
    <property class="FetchContainer">
      <property name="0" value="14, 12, 16" />
    </property>
    <property class="Rally">
      <property name="0" value="19, 6, 4" />
    </property>
  </property>
</prefab>