﻿<?xml version="1.0" encoding="UTF-8"?>
<prefab>
  <property name="CopyAirBlocks" value="True" />
  <property name="ExcludeDistantPOIMesh" value="False" />
  <property name="ExcludePOICulling" value="False" />
  <property name="DistantPOIYOffset" value="0" />
  <property name="AllowTopSoilDecorations" value="True" />
  <property name="DifficultyTier" value="3" />
  <property name="ShowQuestClearCount" value="2" />
  <property name="QuestTags" value="clear,fetch,restore_power" />
  <property name="Tags" value="oldwest,oldwestoutskirt" />
  <property name="TraderArea" value="False" />
  <property name="YOffset" value="-2" />
  <property name="PrefabSize" value="25, 50, 25" />
  <property name="RotationToFaceNorth" value="2" />
  <property name="Zoning" value="none" />
  <property name="SleeperVolumeSize" value="13, 3, 6#9, 3, 11#4, 3, 4#6, 3, 11#13, 4, 10#6, 4, 10#15, 4, 7#21, 4, 12#13, 21, 8" />
  <property name="SleeperVolumeStart" value="3, 3, 5#3, 3, 11#12, 3, 18#16, 3, 11#3, 7, 12#16, 7, 12#2, 7, 5#2, 12, 11#4, 16, 13" />
  <property name="SleeperVolumeGroupId" value="0,0,0,0,0,0,0,0,0" />
  <property name="SleeperVolumeGroup" value="S_-_Group_Ghost_Town,3,6,S_-_Group_Ghost_Town,3,5,S_-_Group_Ghost_Town,2,3,S_-_Group_Ghost_Town,2,4,S_-_Group_Ghost_Town,4,7,S_-_Group_Ghost_Town,3,5,S_-_Group_Ghost_Town,2,3,S_-_Group_Ghost_Town,6,8,S_-_Group_Ghost_Town,2,4" />
  <property name="SleeperIsLootVolume" value="False,False,False,False,False,False,False,False,False" />
  <property name="SleeperIsQuestExclude" value="False,False,False,False,False,False,False,False,False" />
  <property name="SleeperVolumeFlags" value="0,0,0,0,0,0,0,0,0" />
  <property class="Stats">
    <property name="TotalVertices" value="954539" />
    <property name="TotalTriangles" value="902002" />
    <property class="BlockEntities">
      <property name="Vertices" value="844148" />
      <property name="Triangles" value="833617" />
    </property>
    <property class="ChunkMeshes0">
      <property name="Vertices" value="100608" />
      <property name="Triangles" value="59468" />
    </property>
    <property class="ChunkMeshes1">
      <property name="Vertices" value="0" />
      <property name="Triangles" value="0" />
    </property>
    <property class="ChunkMeshes2">
      <property name="Vertices" value="216" />
      <property name="Triangles" value="180" />
    </property>
    <property class="ChunkMeshes3">
      <property name="Vertices" value="0" />
      <property name="Triangles" value="0" />
    </property>
    <property class="ChunkMeshes4">
      <property name="Vertices" value="7827" />
      <property name="Triangles" value="5803" />
    </property>
    <property class="ChunkMeshes5">
      <property name="Vertices" value="0" />
      <property name="Triangles" value="0" />
    </property>
    <property class="ChunkMeshes6">
      <property name="Vertices" value="0" />
      <property name="Triangles" value="0" />
    </property>
    <property class="ChunkMeshes7">
      <property name="Vertices" value="1664" />
      <property name="Triangles" value="2896" />
    </property>
    <property class="ChunkMeshes8">
      <property name="Vertices" value="0" />
      <property name="Triangles" value="0" />
    </property>
    <property class="ChunkMeshes9">
      <property name="Vertices" value="76" />
      <property name="Triangles" value="38" />
    </property>
  </property>
  <property class="IndexedBlockOffsets">
    <property class="Rally">
      <property name="0" value="9, 4, 3" />
    </property>
    <property class="TraderOnOff">
      <property name="0" value="16, 12, 16" />
      <property name="1" value="16, 3, 17" />
      <property name="2" value="16, 7, 17" />
    </property>
    <property class="POILight">
      <property name="0" value="13, 7, 15" />
      <property name="1" value="14, 5, 21" />
    </property>
    <property class="FetchContainer">
      <property name="0" value="24, 12, 12" />
      <property name="1" value="15, 15, 17" />
      <property name="2" value="17, 12, 19" />
      <property name="3" value="15, 10, 21" />
      <property name="4" value="24, 12, 21" />
    </property>
    <property class="QuestRestorePower">
      <property name="0" value="10, 18, 16" />
      <property name="1" value="5, 3, 21" />
    </property>
  </property>
</prefab>