﻿<?xml version="1.0" encoding="UTF-8"?>
<prefab>
  <property name="CopyAirBlocks" value="True" />
  <property name="ExcludeDistantPOIMesh" value="False" />
  <property name="ExcludePOICulling" value="False" />
  <property name="DistantPOIYOffset" value="0" />
  <property name="AllowTopSoilDecorations" value="False" />
  <property name="DifficultyTier" value="2" />
  <property name="TraderArea" value="False" />
  <property name="YOffset" value="-12" />
  <property name="EditorGroups" value="Wilderness" />
  <property name="SleeperVolumeSize" value="17, 8, 9#15, 5, 9#9, 8, 10#9, 10, 11#12, 9, 19#14, 5, 18#6, 5, 13#7, 6, 20" />
  <property name="SleeperVolumeStart" value="3, 11, 10#23, 10, 9#17, 12, 23#17, 2, 22#26, 10, 22#3, 11, 22#29, 5, 16#6, 5, 10" />
  <property name="SleeperVolumeGroup" value="S_-_Group_Biker_Bar,2,3,S_-_Group_Ghost_Town,3,4,S_-_Group_Ghost_Town,4,6,S_-_Group_Ghost_Town,3,5,S_-_Group_Biker_Bar,3,4,S_-_Group_Ghost_Town,1,3,S_-Group_Generic_Zombie,1,2,S_-Group_Generic_Zombie,1,3" />
  <property name="SleeperIsLootVolume" value="False,False,False,False,False,False,False,False" />
  <property name="SleeperIsBossVolume" value="False,False,False,False,False,False" />
  <property name="QuestTags" value="clear,fetch" />
  <property name="Zoning" value="ResidentialOld" />
  <property name="AllowedTownships" value="rural,wilderness" />
  <property name="SleeperVolumeGroupId" value="0,0,0,0,0,0,0,0" />
  <property name="RotationToFaceNorth" value="2" />
  <property name="SleeperVolumeFlags" value="0,0,0,0,0,0,0,0" />
  <property name="ShowQuestClearCount" value="1" />
  <property name="SleeperIsQuestExclude" value="False,False,False,False,False,False,False,False" />
  <property name="Tags" value="oldwest,oldwestoutskirt" />
  <property name="PrefabSize" value="42, 26, 42" />
  <property class="Stats">
    <property name="TotalVertices" value="386575" />
    <property name="TotalTriangles" value="370642" />
    <property class="BlockEntities">
      <property name="Vertices" value="329683" />
      <property name="Triangles" value="329885" />
    </property>
    <property class="ChunkMeshes0">
      <property name="Vertices" value="40142" />
      <property name="Triangles" value="20952" />
    </property>
    <property class="ChunkMeshes1">
      <property name="Vertices" value="3968" />
      <property name="Triangles" value="1984" />
    </property>
    <property class="ChunkMeshes2">
      <property name="Vertices" value="192" />
      <property name="Triangles" value="160" />
    </property>
    <property class="ChunkMeshes3">
      <property name="Vertices" value="0" />
      <property name="Triangles" value="0" />
    </property>
    <property class="ChunkMeshes4">
      <property name="Vertices" value="2318" />
      <property name="Triangles" value="1715" />
    </property>
    <property class="ChunkMeshes5">
      <property name="Vertices" value="0" />
      <property name="Triangles" value="0" />
    </property>
    <property class="ChunkMeshes6">
      <property name="Vertices" value="0" />
      <property name="Triangles" value="0" />
    </property>
    <property class="ChunkMeshes7">
      <property name="Vertices" value="8684" />
      <property name="Triangles" value="14316" />
    </property>
    <property class="ChunkMeshes8">
      <property name="Vertices" value="1544" />
      <property name="Triangles" value="1608" />
    </property>
    <property class="ChunkMeshes9">
      <property name="Vertices" value="44" />
      <property name="Triangles" value="22" />
    </property>
  </property>
  <property class="IndexedBlockOffsets">
    <property class="FetchContainer">
      <property name="0" value="24, 15, 24" />
      <property name="1" value="21, 20, 25" />
    </property>
    <property class="Rally">
      <property name="0" value="21, 12, 2" />
    </property>
    <property class="POILight">
      <property name="0" value="22, 20, 31" />
      <property name="1" value="31, 12, 35" />
    </property>
  </property>
</prefab>