﻿<?xml version="1.0" encoding="UTF-8"?>
<prefab>
  <property name="CopyAirBlocks" value="True" />
  <property name="ExcludeDistantPOIMesh" value="False" />
  <property name="ExcludePOICulling" value="False" />
  <property name="DistantPOIYOffset" value="0" />
  <property name="AllowTopSoilDecorations" value="True" />
  <property name="Tags" value="oldwest" />
  <property name="DifficultyTier" value="2" />
  <property name="ShowQuestClearCount" value="1" />
  <property name="QuestTags" value="clear,fetch" />
  <property name="TraderArea" value="False" />
  <property name="YOffset" value="-9" />
  <property name="PrefabSize" value="25, 19, 25" />
  <property name="RotationToFaceNorth" value="2" />
  <property name="Zoning" value="none" />
  <property name="SleeperVolumeSize" value="5, 5, 10#8, 3, 10#8, 2, 6#7, 6, 7#5, 6, 7" />
  <property name="SleeperVolumeStart" value="5, 10, 8#5, 6, 8#13, 6, 9#14, 6, 15#15, 10, 8" />
  <property name="SleeperVolumeGroupId" value="0,0,0,0,0" />
  <property name="SleeperVolumeGroup" value="S_-_Group_Ghost_Town,4,5,S_-_Group_Ghost_Town,2,3,S_-_Group_Ghost_Town,2,4,S_-_Group_Ghost_Town,1,2,S_-_Group_Ghost_Town,4,5" />
  <property name="SleeperIsLootVolume" value="False,False,False,False,False" />
  <property name="SleeperIsQuestExclude" value="False,False,False,False,False" />
  <property name="SleeperVolumeFlags" value="0,0,0,0,0" />
  <property class="Stats">
    <property name="TotalVertices" value="269992" />
    <property name="TotalTriangles" value="275297" />
    <property class="BlockEntities">
      <property name="Vertices" value="226842" />
      <property name="Triangles" value="248153" />
    </property>
    <property class="ChunkMeshes0">
      <property name="Vertices" value="38059" />
      <property name="Triangles" value="20395" />
    </property>
    <property class="ChunkMeshes1">
      <property name="Vertices" value="128" />
      <property name="Triangles" value="64" />
    </property>
    <property class="ChunkMeshes2">
      <property name="Vertices" value="136" />
      <property name="Triangles" value="68" />
    </property>
    <property class="ChunkMeshes3">
      <property name="Vertices" value="0" />
      <property name="Triangles" value="0" />
    </property>
    <property class="ChunkMeshes4">
      <property name="Vertices" value="1713" />
      <property name="Triangles" value="1241" />
    </property>
    <property class="ChunkMeshes5">
      <property name="Vertices" value="96" />
      <property name="Triangles" value="48" />
    </property>
    <property class="ChunkMeshes6">
      <property name="Vertices" value="0" />
      <property name="Triangles" value="0" />
    </property>
    <property class="ChunkMeshes7">
      <property name="Vertices" value="3018" />
      <property name="Triangles" value="5328" />
    </property>
    <property class="ChunkMeshes8">
      <property name="Vertices" value="0" />
      <property name="Triangles" value="0" />
    </property>
    <property class="ChunkMeshes9">
      <property name="Vertices" value="0" />
      <property name="Triangles" value="0" />
    </property>
  </property>
  <property class="IndexedBlockOffsets">
    <property class="Rally">
      <property name="0" value="8, 10, 2" />
    </property>
    <property class="POILight">
      <property name="0" value="7, 13, 13" />
    </property>
    <property class="TraderOnOff">
      <property name="0" value="7, 9, 12" />
      <property name="1" value="7, 9, 14" />
    </property>
    <property class="FetchContainer">
      <property name="0" value="17, 14, 12" />
    </property>
  </property>
</prefab>