﻿<?xml version="1.0" encoding="UTF-8"?>
<prefab>
  <property name="CopyAirBlocks" value="True" />
  <property name="ExcludeDistantPOIMesh" value="False" />
  <property name="ExcludePOICulling" value="False" />
  <property name="DistantPOIYOffset" value="0" />
  <property name="AllowTopSoilDecorations" value="True" />
  <property name="DifficultyTier" value="2" />
  <property name="ShowQuestClearCount" value="1" />
  <property name="QuestTags" value="clear,fetch,restore_power" />
  <property name="TraderArea" value="False" />
  <property name="PrefabSize" value="25, 14, 25" />
  <property name="RotationToFaceNorth" value="2" />
  <property name="Zoning" value="none" />
  <property name="YOffset" value="-6" />
  <property name="SleeperVolumeSize" value="23, 5, 9#17, 4, 8#3, 3, 4#11, 4, 7#14, 4, 4" />
  <property name="SleeperVolumeStart" value="1, 4, 15#4, 10, 9#16, 6, 10#5, 6, 8#5, 2, 10" />
  <property name="SleeperVolumeGroup" value="S_-_Group_Ghost_Town,4,6,S_-_Group_Ghost_Town,2,3,S_-_Group_Ghost_Town,1,3,S_-_Group_Ghost_Town,4,6,S_-_Group_Zom_Soldier,3,5" />
  <property name="SleeperVolumeGameStageAdjust" value="" />
  <property name="SleeperIsLootVolume" value="False,False,False,False,False" />
  <property name="EditorGroups" value="oldwest" />
  <property name="SleeperIsBossVolume" value="False" />
  <property name="SleeperVolumeGroupId" value="0,0,0,0,0" />
  <property name="SleeperVolumeFlags" value="0,0,0,0,0" />
  <property name="SleeperIsQuestExclude" value="False,False,False,False,False" />
  <property name="Tags" value="oldwest" />
  <property class="Stats">
    <property name="TotalVertices" value="211334" />
    <property name="TotalTriangles" value="209457" />
    <property class="BlockEntities">
      <property name="Vertices" value="187815" />
      <property name="Triangles" value="192935" />
    </property>
    <property class="ChunkMeshes0">
      <property name="Vertices" value="17706" />
      <property name="Triangles" value="10133" />
    </property>
    <property class="ChunkMeshes1">
      <property name="Vertices" value="640" />
      <property name="Triangles" value="320" />
    </property>
    <property class="ChunkMeshes2">
      <property name="Vertices" value="0" />
      <property name="Triangles" value="0" />
    </property>
    <property class="ChunkMeshes3">
      <property name="Vertices" value="0" />
      <property name="Triangles" value="0" />
    </property>
    <property class="ChunkMeshes4">
      <property name="Vertices" value="2721" />
      <property name="Triangles" value="1849" />
    </property>
    <property class="ChunkMeshes5">
      <property name="Vertices" value="0" />
      <property name="Triangles" value="0" />
    </property>
    <property class="ChunkMeshes6">
      <property name="Vertices" value="0" />
      <property name="Triangles" value="0" />
    </property>
    <property class="ChunkMeshes7">
      <property name="Vertices" value="2452" />
      <property name="Triangles" value="4220" />
    </property>
    <property class="ChunkMeshes8">
      <property name="Vertices" value="0" />
      <property name="Triangles" value="0" />
    </property>
    <property class="ChunkMeshes9">
      <property name="Vertices" value="0" />
      <property name="Triangles" value="0" />
    </property>
  </property>
  <property class="IndexedBlockOffsets">
    <property class="FetchContainer">
      <property name="0" value="16, 9, 13" />
    </property>
    <property class="TraderOnOff">
      <property name="0" value="14, 6, 15" />
    </property>
    <property class="Rally">
      <property name="0" value="12, 7, 2" />
    </property>
    <property class="POILight">
      <property name="0" value="14, 8, 16" />
    </property>
    <property class="QuestRestorePower">
      <property name="0" value="19, 2, 13" />
    </property>
  </property>
</prefab>