﻿<?xml version="1.0" encoding="UTF-8"?>
<prefab>
  <property name="CopyAirBlocks" value="True" />
  <property name="ExcludeDistantPOIMesh" value="False" />
  <property name="ExcludePOICulling" value="False" />
  <property name="DistantPOIYOffset" value="0" />
  <property name="AllowTopSoilDecorations" value="False" />
  <property name="DifficultyTier" value="3" />
  <property name="ShowQuestClearCount" value="2" />
  <property name="QuestTags" value="clear,fetch,restore_power" />
  <property name="Tags" value="oldwest,oldwestoutskirt" />  
  <property name="TraderArea" value="False" />
  <property name="PrefabSize" value="50, 18, 25" />
  <property name="RotationToFaceNorth" value="2" />
  <property name="Zoning" value="none" />
  <property name="YOffset" value="-10" />
  <property name="SleeperVolumeSize" value="12, 3, 5#7, 5, 9#12, 5, 5#12, 3, 9#12, 5, 15#5, 4, 15#15, 3, 15#9, 3, 16#4, 3, 9" />
  <property name="SleeperVolumeStart" value="19, 11, 8#31, 11, 9#19, 11, 14#7, 11, 9#4, 5, 6#17, 5, 6#22, 5, 6#37, 5, 5#39, 11, 9" />
  <property name="SleeperVolumeGroupId" value="0,0,0,0,0,0,0,0,0" />
  <property name="SleeperVolumeGroup" value="S_-_Group_Ghost_Town,3,4,S_Zom_Businessman,5,6,S_-_Group_Night_Club,2,3,S_Zom_FatCops,2,3,S_-_Group_Zom_Soldier,6,8,S_-_Group_Zom_Soldier,3,4,S_-_Group_Zom_Soldier,6,9,S_Zom_FatCops,2,4,S_-Group_Generic_Zombie,3,4" />
  <property name="SleeperIsLootVolume" value="False,False,False,False,False,False,False,False,False" />
  <property name="SleeperIsQuestExclude" value="False,False,False,False,False,False,False,False,False" />
  <property name="SleeperVolumeFlags" value="0,0,0,0,0,0,0,0,0" />
  <property class="Stats">
    <property name="TotalVertices" value="582037" />
    <property name="TotalTriangles" value="628107" />
    <property class="BlockEntities">
      <property name="Vertices" value="488798" />
      <property name="Triangles" value="564464" />
    </property>
    <property class="ChunkMeshes0">
      <property name="Vertices" value="71493" />
      <property name="Triangles" value="41863" />
    </property>
    <property class="ChunkMeshes1">
      <property name="Vertices" value="0" />
      <property name="Triangles" value="0" />
    </property>
    <property class="ChunkMeshes2">
      <property name="Vertices" value="3456" />
      <property name="Triangles" value="2880" />
    </property>
    <property class="ChunkMeshes3">
      <property name="Vertices" value="0" />
      <property name="Triangles" value="0" />
    </property>
    <property class="ChunkMeshes4">
      <property name="Vertices" value="12486" />
      <property name="Triangles" value="8932" />
    </property>
    <property class="ChunkMeshes5">
      <property name="Vertices" value="0" />
      <property name="Triangles" value="0" />
    </property>
    <property class="ChunkMeshes6">
      <property name="Vertices" value="0" />
      <property name="Triangles" value="0" />
    </property>
    <property class="ChunkMeshes7">
      <property name="Vertices" value="5756" />
      <property name="Triangles" value="9944" />
    </property>
    <property class="ChunkMeshes8">
      <property name="Vertices" value="0" />
      <property name="Triangles" value="0" />
    </property>
    <property class="ChunkMeshes9">
      <property name="Vertices" value="48" />
      <property name="Triangles" value="24" />
    </property>
  </property>
  <property class="IndexedBlockOffsets">
    <property class="FetchContainer">
      <property name="0" value="46, 6, 13" />
    </property>
    <property class="Rally">
      <property name="0" value="22, 10, 3" />
    </property>
    <property class="TraderOnOff">
      <property name="0" value="38, 11, 13" />
      <property name="1" value="31, 11, 16" />
    </property>
    <property class="QuestRestorePower">
      <property name="0" value="30, 5, 13" />
      <property name="1" value="28, 11, 17" />
    </property>
  </property>
</prefab>