﻿<?xml version="1.0" encoding="UTF-8"?>
<prefab>
  <property name="CopyAirBlocks" value="True" />
  <property name="ExcludeDistantPOIMesh" value="False" />
  <property name="ExcludePOICulling" value="False" />
  <property name="DistantPOIYOffset" value="0" />
  <property name="AllowTopSoilDecorations" value="True" />
  <property name="DifficultyTier" value="2" />
  <property name="ShowQuestClearCount" value="1" />
  <property name="TraderArea" value="False" />
  <property name="QuestTags" value="clear,fetch" />
  <property name="Tags" value="oldwest" />
  <property name="PrefabSize" value="25, 12, 25" />
  <property name="RotationToFaceNorth" value="2" />
  <property name="Zoning" value="none" />
  <property name="SleeperVolumeSize" value="18, 8, 14#18, 4, 14#22, 12, 2#2, 12, 19#2, 12, 19" />
  <property name="SleeperVolumeStart" value="4, 1, 7#4, 9, 7#2, 1, 21#2, 1, 2#22, 1, 2" />
  <property name="SleeperVolumeGroupId" value="0,0,0,0,0" />
  <property name="SleeperVolumeGroup" value="S_-_Group_Ghost_Town,6,9,S_-_Group_Ghost_Town,2,3,S_-_Group_Ghost_Town,2,3,S_-_Group_Ghost_Town,1,3,S_-_Group_Ghost_Town,2,3" />
  <property name="SleeperIsLootVolume" value="False,False,False,False,False" />
  <property name="SleeperIsQuestExclude" value="False,False,False,False,False" />
  <property name="SleeperVolumeFlags" value="0,0,0,0,0" />
  <property name="YOffset" value="-1" />
  <property class="Stats">
    <property name="TotalVertices" value="222338" />
    <property name="TotalTriangles" value="190857" />
    <property class="BlockEntities">
      <property name="Vertices" value="178641" />
      <property name="Triangles" value="164688" />
    </property>
    <property class="ChunkMeshes0">
      <property name="Vertices" value="40749" />
      <property name="Triangles" value="22415" />
    </property>
    <property class="ChunkMeshes1">
      <property name="Vertices" value="0" />
      <property name="Triangles" value="0" />
    </property>
    <property class="ChunkMeshes2">
      <property name="Vertices" value="120" />
      <property name="Triangles" value="60" />
    </property>
    <property class="ChunkMeshes3">
      <property name="Vertices" value="0" />
      <property name="Triangles" value="0" />
    </property>
    <property class="ChunkMeshes4">
      <property name="Vertices" value="1232" />
      <property name="Triangles" value="978" />
    </property>
    <property class="ChunkMeshes5">
      <property name="Vertices" value="0" />
      <property name="Triangles" value="0" />
    </property>
    <property class="ChunkMeshes6">
      <property name="Vertices" value="0" />
      <property name="Triangles" value="0" />
    </property>
    <property class="ChunkMeshes7">
      <property name="Vertices" value="1556" />
      <property name="Triangles" value="2696" />
    </property>
    <property class="ChunkMeshes8">
      <property name="Vertices" value="0" />
      <property name="Triangles" value="0" />
    </property>
    <property class="ChunkMeshes9">
      <property name="Vertices" value="40" />
      <property name="Triangles" value="20" />
    </property>
  </property>
  <property class="IndexedBlockOffsets">
    <property class="TraderOnOff">
      <property name="0" value="16, 1, 2" />
    </property>
    <property class="Rally">
      <property name="0" value="9, 2, 5" />
    </property>
    <property class="FetchContainer">
      <property name="0" value="20, 6, 16" />
      <property name="1" value="20, 4, 19" />
    </property>
    <property class="quest_feather">
      <property name="0" value="23, 3, 2" />
    </property>
    <property class="POILight">
      <property name="0" value="20, 7, 11" />
    </property>
  </property>
</prefab>