﻿<?xml version="1.0" encoding="UTF-8"?>
<prefab>
  <property name="CopyAirBlocks" value="True" />
  <property name="ExcludeDistantPOIMesh" value="False" />
  <property name="ExcludePOICulling" value="False" />
  <property name="DistantPOIYOffset" value="0" />
  <property name="AllowTopSoilDecorations" value="True" />
  <property name="DifficultyTier" value="2" />
  <property name="ShowQuestClearCount" value="1" />
  <property name="QuestTags" value="clear,fetch,restore_power" />
  <property name="Tags" value="oldwest,oldwestoutskirt" />
  <property name="TraderArea" value="False" />
  <property name="PrefabSize" value="42, 36, 42" />
  <property name="RotationToFaceNorth" value="2" />
  <property name="Zoning" value="none" />
  <property name="YOffset" value="-30" />
  <property name="SleeperVolumeSize" value="6, 11, 13#11, 12, 24#26, 7, 4#4, 14, 12#32, 3, 18#13, 3, 15#29, 4, 5#7, 4, 27#31, 4, 5#27, 5, 33" />
  <property name="SleeperVolumeStart" value="33, 22, 4#28, 16, 17#2, 18, 26#15, 7, 14#11, 2, 8#30, 2, 26#1, 1, 34#2, 1, 7#2, 1, 2#3, 28, 7" />
  <property name="SleeperVolumeGroupId" value="0,0,0,0,0,0,0,0,0,0" />
  <property name="SleeperVolumeGroup" value="S_-_Group_Ghost_Town,3,5,S_-_Group_Ghost_Town,4,6,S_-_Group_Ghost_Town,3,5,S_-_Group_Ghost_Town,1,3,S_-_Group_Ghost_Town,4,7,S_-_Group_Ghost_Town,3,4,S_-_Group_Ghost_Town,2,4,S_-_Group_Ghost_Town,2,4,S_-_Group_Ghost_Town,3,5,S_-_Group_Ghost_Town,2,2" />
  <property name="SleeperIsLootVolume" value="False,False,False,False,False,False,False,False,False,False" />
  <property name="SleeperIsQuestExclude" value="False,False,False,False,False,False,False,False,False,False" />
  <property name="SleeperVolumeFlags" value="0,0,0,0,0,0,0,0,0,0" />
  <property class="Stats">
    <property name="TotalVertices" value="754763" />
    <property name="TotalTriangles" value="750875" />
    <property class="BlockEntities">
      <property name="Vertices" value="636087" />
      <property name="Triangles" value="661389" />
    </property>
    <property class="ChunkMeshes0">
      <property name="Vertices" value="93442" />
      <property name="Triangles" value="52060" />
    </property>
    <property class="ChunkMeshes1">
      <property name="Vertices" value="0" />
      <property name="Triangles" value="0" />
    </property>
    <property class="ChunkMeshes2">
      <property name="Vertices" value="0" />
      <property name="Triangles" value="0" />
    </property>
    <property class="ChunkMeshes3">
      <property name="Vertices" value="0" />
      <property name="Triangles" value="0" />
    </property>
    <property class="ChunkMeshes4">
      <property name="Vertices" value="4424" />
      <property name="Triangles" value="4178" />
    </property>
    <property class="ChunkMeshes5">
      <property name="Vertices" value="0" />
      <property name="Triangles" value="0" />
    </property>
    <property class="ChunkMeshes6">
      <property name="Vertices" value="0" />
      <property name="Triangles" value="0" />
    </property>
    <property class="ChunkMeshes7">
      <property name="Vertices" value="20714" />
      <property name="Triangles" value="33200" />
    </property>
    <property class="ChunkMeshes8">
      <property name="Vertices" value="0" />
      <property name="Triangles" value="0" />
    </property>
    <property class="ChunkMeshes9">
      <property name="Vertices" value="96" />
      <property name="Triangles" value="48" />
    </property>
  </property>
  <property class="IndexedBlockOffsets">
    <property class="QuestRestorePower">
      <property name="0" value="21, 2, 16" />
    </property>
    <property class="POILight">
      <property name="0" value="38, 27, 9" />
      <property name="1" value="38, 27, 10" />
      <property name="2" value="38, 27, 11" />
    </property>
    <property class="FetchContainer">
      <property name="0" value="40, 2, 3" />
    </property>
    <property class="quest_feather">
      <property name="0" value="31, 32, 12" />
    </property>
    <property class="TraderOnOff">
      <property name="0" value="30, 2, 6" />
    </property>
    <property class="Rally">
      <property name="0" value="37, 31, 1" />
    </property>
  </property>
</prefab>