﻿<?xml version="1.0" encoding="UTF-8"?>
<prefab>
  <property name="CopyAirBlocks" value="True" />
  <property name="ExcludeDistantPOIMesh" value="False" />
  <property name="ExcludePOICulling" value="False" />
  <property name="DistantPOIYOffset" value="0" />
  <property name="AllowTopSoilDecorations" value="True" />
  <property name="DifficultyTier" value="3" />
  <property name="ShowQuestClearCount" value="2" />
  <property name="QuestTags" value="clear,fetch,restore_power" />
  <property name="Tags" value="oldwest" />
  <property name="TraderArea" value="False" />
  <property name="YOffset" value="-4" />
  <property name="PrefabSize" value="42, 14, 42" />
  <property name="RotationToFaceNorth" value="2" />
  <property name="Zoning" value="none" />
  <property name="SleeperVolumeSize" value="4, 3, 2#16, 11, 6#13, 3, 8#17, 3, 15#34, 4, 9#16, 3, 19" />
  <property name="SleeperVolumeStart" value="7, 4, 4#22, 4, 4#4, 4, 6#4, 4, 14#4, 3, 29#22, 4, 10" />
  <property name="SleeperVolumeGroupId" value="0,0,0,0,0,0" />
  <property name="SleeperVolumeGroup" value="S_-_Group_Ghost_Town,1,2,S_-_Group_Ghost_Town,2,4,S_-_Group_Ghost_Town,5,6,S_-_Group_Ghost_Town,5,8,S_-_Group_Ghost_Town,7,10,S_-_Group_Ghost_Town,8,10" />
  <property name="SleeperIsLootVolume" value="False,False,False,False,False,False" />
  <property name="SleeperIsQuestExclude" value="False,False,False,False,False,False" />
  <property name="SleeperVolumeFlags" value="0,0,0,0,0,0" />
  <property class="Stats">
    <property name="TotalVertices" value="939178" />
    <property name="TotalTriangles" value="985964" />
    <property class="BlockEntities">
      <property name="Vertices" value="865734" />
      <property name="Triangles" value="931486" />
    </property>
    <property class="ChunkMeshes0">
      <property name="Vertices" value="61582" />
      <property name="Triangles" value="41628" />
    </property>
    <property class="ChunkMeshes1">
      <property name="Vertices" value="1408" />
      <property name="Triangles" value="704" />
    </property>
    <property class="ChunkMeshes2">
      <property name="Vertices" value="574" />
      <property name="Triangles" value="296" />
    </property>
    <property class="ChunkMeshes3">
      <property name="Vertices" value="0" />
      <property name="Triangles" value="0" />
    </property>
    <property class="ChunkMeshes4">
      <property name="Vertices" value="4426" />
      <property name="Triangles" value="3268" />
    </property>
    <property class="ChunkMeshes5">
      <property name="Vertices" value="0" />
      <property name="Triangles" value="0" />
    </property>
    <property class="ChunkMeshes6">
      <property name="Vertices" value="0" />
      <property name="Triangles" value="0" />
    </property>
    <property class="ChunkMeshes7">
      <property name="Vertices" value="5370" />
      <property name="Triangles" value="8540" />
    </property>
    <property class="ChunkMeshes8">
      <property name="Vertices" value="0" />
      <property name="Triangles" value="0" />
    </property>
    <property class="ChunkMeshes9">
      <property name="Vertices" value="84" />
      <property name="Triangles" value="42" />
    </property>
  </property>
  <property class="IndexedBlockOffsets">
    <property class="Rally">
      <property name="0" value="5, 5, 1" />
    </property>
    <property class="QuestRestorePower">
      <property name="0" value="21, 4, 28" />
    </property>
    <property class="TraderOnOff">
      <property name="0" value="10, 4, 6" />
    </property>
    <property class="FetchContainer">
      <property name="0" value="24, 4, 37" />
    </property>
    <property class="POILight">
      <property name="0" value="18, 5, 33" />
    </property>
  </property>
</prefab>