﻿<?xml version="1.0" encoding="UTF-8"?>
<prefab>
  <property name="CopyAirBlocks" value="True" />
  <property name="ExcludeDistantPOIMesh" value="False" />
  <property name="ExcludePOICulling" value="False" />
  <property name="DistantPOIYOffset" value="0" />
  <property name="AllowTopSoilDecorations" value="True" />
  <property name="DifficultyTier" value="3" />
  <property name="ShowQuestClearCount" value="2" />
  <property name="QuestTags" value="clear,fetch" />
  <property name="Tags" value="oldwest,oldwestoutskirt" />
  <property name="TraderArea" value="False" />
  <property name="YOffset" value="-6" />
  <property name="PrefabSize" value="25, 19, 25" />
  <property name="RotationToFaceNorth" value="2" />
  <property name="Zoning" value="none" />
  <property name="SleeperVolumeSize" value="8, 4, 18#10, 11, 18#8, 8, 20" />
  <property name="SleeperVolumeStart" value="13, 6, 3#3, 3, 3#13, 11, 3" />
  <property name="SleeperVolumeGroupId" value="0,0,0" />
  <property name="SleeperVolumeGroup" value="S_-_Group_Ghost_Town,7,11,S_-_Group_Ghost_Town,8,11,S_-_Group_Ghost_Town,8,12" />
  <property name="SleeperIsLootVolume" value="False,False,False" />
  <property name="SleeperIsQuestExclude" value="False,False,False" />
  <property name="SleeperVolumeFlags" value="0,0,0" />
  <property class="Stats">
    <property name="TotalVertices" value="421680" />
    <property name="TotalTriangles" value="452778" />
    <property class="BlockEntities">
      <property name="Vertices" value="355216" />
      <property name="Triangles" value="405968" />
    </property>
    <property class="ChunkMeshes0">
      <property name="Vertices" value="60307" />
      <property name="Triangles" value="40270" />
    </property>
    <property class="ChunkMeshes1">
      <property name="Vertices" value="640" />
      <property name="Triangles" value="320" />
    </property>
    <property class="ChunkMeshes2">
      <property name="Vertices" value="152" />
      <property name="Triangles" value="76" />
    </property>
    <property class="ChunkMeshes3">
      <property name="Vertices" value="0" />
      <property name="Triangles" value="0" />
    </property>
    <property class="ChunkMeshes4">
      <property name="Vertices" value="3173" />
      <property name="Triangles" value="2288" />
    </property>
    <property class="ChunkMeshes5">
      <property name="Vertices" value="0" />
      <property name="Triangles" value="0" />
    </property>
    <property class="ChunkMeshes6">
      <property name="Vertices" value="0" />
      <property name="Triangles" value="0" />
    </property>
    <property class="ChunkMeshes7">
      <property name="Vertices" value="2176" />
      <property name="Triangles" value="3848" />
    </property>
    <property class="ChunkMeshes8">
      <property name="Vertices" value="0" />
      <property name="Triangles" value="0" />
    </property>
    <property class="ChunkMeshes9">
      <property name="Vertices" value="16" />
      <property name="Triangles" value="8" />
    </property>
  </property>
  <property class="IndexedBlockOffsets">
    <property class="POILight">
      <property name="0" value="20, 7, 10" />
    </property>
    <property class="TraderOnOff">
      <property name="0" value="12, 6, 12" />
      <property name="1" value="17, 12, 21" />
    </property>
    <property class="FetchContainer">
      <property name="0" value="16, 12, 2" />
      <property name="1" value="15, 15, 4" />
      <property name="2" value="16, 11, 9" />
    </property>
    <property class="Rally">
      <property name="0" value="17, 7, 1" />
    </property>
  </property>
</prefab>