﻿<?xml version="1.0" encoding="UTF-8"?>
<prefab>
  <property name="CopyAirBlocks" value="True" />
  <property name="AllowTopSoilDecorations" value="False" />
  <property name="Zoning" value="Commercial" />
  <property name="AllowedTownships" value="rural,wilderness" />
  <property name="RotationToFaceNorth" value="2" />
  <property name="Condition" value="Old" />
  <property name="ExcludeDistantPOIMesh" value="False" />
  <property name="AllowTopSoilDecorations" value="True" />
  <property name="DifficultyTier" value="1" />
  <property name="ShowQuestClearCount" value="1" />
  <property name="QuestTags" value="clear,fetch" />
  <property name="Tags" value="oldwest,oldwestoutskirt" />  
  <property name="TraderArea" value="False" />
  <property name="SleeperVolumeSize" value="7, 13, 8" />
  <property name="SleeperVolumeStart" value="9, 0, 9" />
  <property name="SleeperVolumeGroup" value="S_-_Group_Ghost_Town,5,9" />
  <property name="SleeperVolumeGameStageAdjust" value="" />
  <property name="SleeperIsLootVolume" value="False" />
  <property name="DistantPOIYOffset" value="0" />
  <property name="EditorGroups" value="oldwest" />
  <property name="SleeperIsBossVolume" value="False" />
  <property name="ExcludePOICulling" value="False" />
  <property name="YOffset" value="-1" />
  <property name="SleeperVolumeGroupId" value="0" />
  <property name="SleeperVolumeFlags" value="0" />
  <property name="SleeperIsQuestExclude" value="False" />
  <property name="PrefabSize" value="25, 11, 25" />
  <property class="Stats">
    <property name="TotalVertices" value="108926" />
    <property name="TotalTriangles" value="105709" />
    <property class="BlockEntities">
      <property name="Vertices" value="92498" />
      <property name="Triangles" value="94882" />
    </property>
    <property class="ChunkMeshes0">
      <property name="Vertices" value="13027" />
      <property name="Triangles" value="6718" />
    </property>
    <property class="ChunkMeshes1">
      <property name="Vertices" value="0" />
      <property name="Triangles" value="0" />
    </property>
    <property class="ChunkMeshes2">
      <property name="Vertices" value="0" />
      <property name="Triangles" value="0" />
    </property>
    <property class="ChunkMeshes3">
      <property name="Vertices" value="0" />
      <property name="Triangles" value="0" />
    </property>
    <property class="ChunkMeshes4">
      <property name="Vertices" value="1833" />
      <property name="Triangles" value="1385" />
    </property>
    <property class="ChunkMeshes5">
      <property name="Vertices" value="0" />
      <property name="Triangles" value="0" />
    </property>
    <property class="ChunkMeshes6">
      <property name="Vertices" value="0" />
      <property name="Triangles" value="0" />
    </property>
    <property class="ChunkMeshes7">
      <property name="Vertices" value="1568" />
      <property name="Triangles" value="2724" />
    </property>
    <property class="ChunkMeshes8">
      <property name="Vertices" value="0" />
      <property name="Triangles" value="0" />
    </property>
    <property class="ChunkMeshes9">
      <property name="Vertices" value="0" />
      <property name="Triangles" value="0" />
    </property>
  </property>
  <property class="IndexedBlockOffsets">
    <property class="FetchContainer">
      <property name="0" value="14, 3, 15" />
      <property name="1" value="14, 0, 17" />
    </property>
    <property class="Rally">
      <property name="0" value="12, 2, 2" />
    </property>
  </property>
</prefab>