﻿<?xml version="1.0" encoding="UTF-8"?>
<prefab>
  <property name="Zoning" value="Industrial" />
  <property name="AllowedTownships" value="rural,wilderness" />
  <property name="CopyAirBlocks" value="True" />
  <property name="ExcludeDistantPOIMesh" value="False" />
  <property name="ExcludePOICulling" value="False" />
  <property name="DistantPOIYOffset" value="0" />
  <property name="AllowTopSoilDecorations" value="True" />
  <property name="DifficultyTier" value="1" />
  <property name="ShowQuestClearCount" value="1" />
  <property name="QuestTags" value="clear,fetch" />
  <property name="Tags" value="oldwest" />
  <property name="TraderArea" value="False" />
  <property name="RotationToFaceNorth" value="2" />
  <property name="EditorGroups" value="remnant, oldwest" />
  <property name="SleeperVolumeSize" value="23, 9, 14" />
  <property name="SleeperVolumeStart" value="1, 1, 9" />
  <property name="SleeperVolumeGroupId" value="0" />
  <property name="SleeperVolumeGroup" value="S_-_Group_Ghost_Town,7,10" />
  <property name="SleeperIsLootVolume" value="False" />
  <property name="SleeperIsBossVolume" value="False" />
  <property name="YOffset" value="-1" />
  <property name="SleeperVolumeFlags" value="0" />
  <property name="SleeperIsQuestExclude" value="False" />
  <property name="PrefabSize" value="25, 10, 25" />
  <property class="Stats">
    <property name="TotalVertices" value="160034" />
    <property name="TotalTriangles" value="145979" />
    <property class="BlockEntities">
      <property name="Vertices" value="136455" />
      <property name="Triangles" value="131677" />
    </property>
    <property class="ChunkMeshes0">
      <property name="Vertices" value="20554" />
      <property name="Triangles" value="10379" />
    </property>
    <property class="ChunkMeshes1">
      <property name="Vertices" value="0" />
      <property name="Triangles" value="0" />
    </property>
    <property class="ChunkMeshes2">
      <property name="Vertices" value="0" />
      <property name="Triangles" value="0" />
    </property>
    <property class="ChunkMeshes3">
      <property name="Vertices" value="0" />
      <property name="Triangles" value="0" />
    </property>
    <property class="ChunkMeshes4">
      <property name="Vertices" value="1445" />
      <property name="Triangles" value="1215" />
    </property>
    <property class="ChunkMeshes5">
      <property name="Vertices" value="0" />
      <property name="Triangles" value="0" />
    </property>
    <property class="ChunkMeshes6">
      <property name="Vertices" value="0" />
      <property name="Triangles" value="0" />
    </property>
    <property class="ChunkMeshes7">
      <property name="Vertices" value="1556" />
      <property name="Triangles" value="2696" />
    </property>
    <property class="ChunkMeshes8">
      <property name="Vertices" value="0" />
      <property name="Triangles" value="0" />
    </property>
    <property class="ChunkMeshes9">
      <property name="Vertices" value="24" />
      <property name="Triangles" value="12" />
    </property>
  </property>
  <property class="IndexedBlockOffsets">
    <property class="Rally">
      <property name="0" value="6, 2, 6" />
    </property>
    <property class="POILight">
      <property name="0" value="7, 2, 18" />
    </property>
    <property class="TraderOnOff">
      <property name="0" value="8, 1, 9" />
    </property>
    <property class="FetchContainer">
      <property name="0" value="12, 5, 21" />
    </property>
    <property class="quest_feather">
      <property name="0" value="9, 5, 12" />
    </property>
  </property>
</prefab>