﻿<?xml version="1.0" encoding="UTF-8"?>
<prefab>
  <property name="Zoning" value="ResidentialOld" />
  <property name="AllowedTownships" value="rural,wilderness" />
  <property name="CopyAirBlocks" value="True" />
  <property name="ExcludeDistantPOIMesh" value="False" />
  <property name="ExcludePOICulling" value="False" />
  <property name="DistantPOIYOffset" value="0" />
  <property name="AllowTopSoilDecorations" value="True" />
  <property name="DifficultyTier" value="1" />
  <property name="ShowQuestClearCount" value="1" />
  <property name="QuestTags" value="clear,fetch" />
  <property name="Tags" value="oldwest" />
  <property name="TraderArea" value="False" />
  <property name="RotationToFaceNorth" value="2" />
  <property name="EditorGroups" value="oldwest, remnant" />
  <property name="YOffset" value="-1" />
  <property name="PrefabSize" value="25, 13, 25" />
  <property name="SleeperVolumeSize" value="5, 3, 11#9, 3, 11#7, 4, 5#7, 4, 6" />
  <property name="SleeperVolumeStart" value="9, 9, 5#7, 6, 5#8, 2, 5#8, 2, 10" />
  <property name="SleeperVolumeGroupId" value="0,0,0,0" />
  <property name="SleeperVolumeGroup" value="S_-_Group_Ghost_Town,1,2,S_-_Group_Ghost_Town,2,2,S_-_Group_Ghost_Town,2,3,S_-_Group_Ghost_Town,2,3" />
  <property name="SleeperIsLootVolume" value="False,False,False,False" />
  <property name="SleeperIsQuestExclude" value="False,False,False,False" />
  <property name="SleeperVolumeFlags" value="0,0,0,0" />
  <property class="Stats">
    <property name="TotalVertices" value="215309" />
    <property name="TotalTriangles" value="205847" />
    <property class="BlockEntities">
      <property name="Vertices" value="179832" />
      <property name="Triangles" value="184928" />
    </property>
    <property class="ChunkMeshes0">
      <property name="Vertices" value="31392" />
      <property name="Triangles" value="16204" />
    </property>
    <property class="ChunkMeshes1">
      <property name="Vertices" value="0" />
      <property name="Triangles" value="0" />
    </property>
    <property class="ChunkMeshes2">
      <property name="Vertices" value="0" />
      <property name="Triangles" value="0" />
    </property>
    <property class="ChunkMeshes3">
      <property name="Vertices" value="0" />
      <property name="Triangles" value="0" />
    </property>
    <property class="ChunkMeshes4">
      <property name="Vertices" value="2435" />
      <property name="Triangles" value="1883" />
    </property>
    <property class="ChunkMeshes5">
      <property name="Vertices" value="0" />
      <property name="Triangles" value="0" />
    </property>
    <property class="ChunkMeshes6">
      <property name="Vertices" value="0" />
      <property name="Triangles" value="0" />
    </property>
    <property class="ChunkMeshes7">
      <property name="Vertices" value="1626" />
      <property name="Triangles" value="2820" />
    </property>
    <property class="ChunkMeshes8">
      <property name="Vertices" value="0" />
      <property name="Triangles" value="0" />
    </property>
    <property class="ChunkMeshes9">
      <property name="Vertices" value="24" />
      <property name="Triangles" value="12" />
    </property>
  </property>
  <property class="IndexedBlockOffsets">
    <property class="Rally">
      <property name="0" value="10, 2, 1" />
    </property>
    <property class="quest_feather">
      <property name="0" value="11, 11, 8" />
    </property>
    <property class="FetchContainer">
      <property name="0" value="11, 11, 13" />
    </property>
  </property>
</prefab>