﻿<?xml version="1.0" encoding="UTF-8"?>
<prefab>
  <property name="CopyAirBlocks" value="True" />
  <property name="AllowTopSoilDecorations" value="False" />
  <property name="Zoning" value="any" />
  <property name="RotationToFaceNorth" value="2" />
  <property name="YOffset" value="-1" />
  <property name="AllowedTownships" value="city,town,rural,wilderness" />
  <property name="TraderArea" value="True" />
  <property name="TraderAreaProtect" value="20,0,20" />
  <property name="TraderAreaTeleportSize" value="41, 27, 46" />
  <property name="TraderAreaTeleportCenter" value="0, 0, 0" />
  <property name="ExcludeDistantPOIMesh" value="False" />
  <property name="DistantPOIYOffset" value="0" />
  <property name="EditorGroups" value="settlements" />
  <property name="QuestTags" value="trader" />
  <property name="DifficultyTier" value="1" />
  <property name="ExcludePOICulling" value="True" />
  <property name="ShowQuestClearCount" value="1" />
  <property name="Tags" value="gateway,trader" />
  <property name="ThemeTags" value="trader" />
  <property name="PrefabSize" value="41, 21, 46" />
  <property class="Stats">
    <property name="TotalVertices" value="445464" />
    <property name="TotalTriangles" value="384123" />
    <property class="BlockEntities">
      <property name="Vertices" value="354007" />
      <property name="Triangles" value="328600" />
    </property>
    <property class="ChunkMeshes0">
      <property name="Vertices" value="82997" />
      <property name="Triangles" value="44313" />
    </property>
    <property class="ChunkMeshes1">
      <property name="Vertices" value="0" />
      <property name="Triangles" value="0" />
    </property>
    <property class="ChunkMeshes2">
      <property name="Vertices" value="120" />
      <property name="Triangles" value="60" />
    </property>
    <property class="ChunkMeshes3">
      <property name="Vertices" value="0" />
      <property name="Triangles" value="0" />
    </property>
    <property class="ChunkMeshes4">
      <property name="Vertices" value="3310" />
      <property name="Triangles" value="3194" />
    </property>
    <property class="ChunkMeshes5">
      <property name="Vertices" value="0" />
      <property name="Triangles" value="0" />
    </property>
    <property class="ChunkMeshes6">
      <property name="Vertices" value="0" />
      <property name="Triangles" value="0" />
    </property>
    <property class="ChunkMeshes7">
      <property name="Vertices" value="5030" />
      <property name="Triangles" value="7956" />
    </property>
    <property class="ChunkMeshes8">
      <property name="Vertices" value="0" />
      <property name="Triangles" value="0" />
    </property>
    <property class="ChunkMeshes9">
      <property name="Vertices" value="0" />
      <property name="Triangles" value="0" />
    </property>
  </property>
  <property class="IndexedBlockOffsets">
    <property class="TraderOnOff">
      <property name="0" value="20, 1, 5" />
      <property name="1" value="20, 3, 5" />
      <property name="2" value="28, 1, 5" />
    </property>
    <property class="POILight">
      <property name="0" value="4, 3, 15" />
    </property>
    <property class="Trader">
      <property name="0" value="5, 2, 16" />
    </property>
    <property class="quest_feather">
      <property name="0" value="22, 11, 34" />
    </property>
  </property>
</prefab>