<configs>

	<set xpath="/rwgmixer/township[@name='oldwest']/property[@name='spawn_trader']/@value">true</set>
	<set xpath="/rwgmixer/world[@name='tiny']/property[@class='oldwest']/property[@name='mintiles']/@value">3</set>
	<set xpath="/rwgmixer/world[@name='tiny']/property[@class='oldwest']/property[@name='maxtiles']/@value">5</set>
	<set xpath="/rwgmixer/world[@name='small']/property[@class='oldwest']/property[@name='few']/@value">2</set>
	<set xpath="/rwgmixer/world[@name='small']/property[@class='oldwest']/property[@name='default']/@value">3</set>
	<set xpath="/rwgmixer/world[@name='small']/property[@class='oldwest']/property[@name='many']/@value">4</set>	
	<set xpath="/rwgmixer/world[@name='small']/property[@class='oldwest']/property[@name='mintiles']/@value">3</set>
	<set xpath="/rwgmixer/world[@name='small']/property[@class='oldwest']/property[@name='maxtiles']/@value">6</set>
	<set xpath="/rwgmixer/world[@name='medium']/property[@class='oldwest']/property[@name='few']/@value">3</set>
	<set xpath="/rwgmixer/world[@name='medium']/property[@class='oldwest']/property[@name='default']/@value">4</set>
	<set xpath="/rwgmixer/world[@name='medium']/property[@class='oldwest']/property[@name='many']/@value">5</set>	
	<set xpath="/rwgmixer/world[@name='medium']/property[@class='oldwest']/property[@name='mintiles']/@value">4</set>
	<set xpath="/rwgmixer/world[@name='medium']/property[@class='oldwest']/property[@name='maxtiles']/@value">6</set>
	<set xpath="/rwgmixer/world[@name='large']/property[@class='oldwest']/property[@name='mintiles']/@value">4</set>
	<set xpath="/rwgmixer/world[@name='large']/property[@class='oldwest']/property[@name='maxtiles']/@value">6</set>
	
	<!--append xpath="/rwgmixer/township[@name='oldwest']">
		<property name="outskirt_district" value="rural"/>
	</append-->

	<!--append xpath="/rwgmixer/township[@name='oldwest']">
		<property name="outskirt_district" value="oldwestoutskirt"/>
	</append-->
	
	<append xpath="/rwgmixer">
	
	<!--district name="oldwestoutskirt">
		<property name="district_spawn_weight" value="0"/>
		<property name="district_required_township" value="oldwest"/>
		<property name="district_preview_color" value="0,0.5,0"/>
		<property name="spawn_custom_size_prefabs" value="true"/>
		<property name="poi_required_tags_all" value="oldwestoutskirt"/>
	</district-->		
	
	<streettile name="rwg_tile_oldwest_corner_02">
		<property name="maxtiles" value="1"/>
		<property name="mintiles" value="1"/>
		<property name="maxdensity" value="120"/>
	</streettile>
	
	<streettile name="rwg_tile_oldwest_straight_02">
		<property name="maxtiles" value="1"/>
		<property name="mintiles" value="1"/>
		<property name="maxdensity" value="120"/>
	</streettile>

	</append>	

</configs>